-- MySQL dump 10.13  Distrib 8.0.45, for Win64 (x86_64)
--
-- Host: localhost    Database: customers
-- ------------------------------------------------------
-- Server version	8.0.45

/*!40101 SET @OLD_CHARACTER_SET_CLIENT=@@CHARACTER_SET_CLIENT */;
/*!40101 SET @OLD_CHARACTER_SET_RESULTS=@@CHARACTER_SET_RESULTS */;
/*!40101 SET @OLD_COLLATION_CONNECTION=@@COLLATION_CONNECTION */;
/*!50503 SET NAMES utf8 */;
/*!40103 SET @OLD_TIME_ZONE=@@TIME_ZONE */;
/*!40103 SET TIME_ZONE='+00:00' */;
/*!40014 SET @OLD_UNIQUE_CHECKS=@@UNIQUE_CHECKS, UNIQUE_CHECKS=0 */;
/*!40014 SET @OLD_FOREIGN_KEY_CHECKS=@@FOREIGN_KEY_CHECKS, FOREIGN_KEY_CHECKS=0 */;
/*!40101 SET @OLD_SQL_MODE=@@SQL_MODE, SQL_MODE='NO_AUTO_VALUE_ON_ZERO' */;
/*!40111 SET @OLD_SQL_NOTES=@@SQL_NOTES, SQL_NOTES=0 */;

--
-- Table structure for table `customers`
--

DROP TABLE IF EXISTS `customers`;
/*!40101 SET @saved_cs_client     = @@character_set_client */;
/*!50503 SET character_set_client = utf8mb4 */;
CREATE TABLE `customers` (
  `customer_id` int NOT NULL,
  `name` varchar(50) DEFAULT NULL,
  `age` int DEFAULT NULL,
  `city` varchar(50) DEFAULT NULL,
  `join_date` date DEFAULT NULL,
  `plan` char(20) DEFAULT NULL,
  PRIMARY KEY (`customer_id`)
) ENGINE=InnoDB DEFAULT CHARSET=utf8mb4 COLLATE=utf8mb4_0900_ai_ci;
/*!40101 SET character_set_client = @saved_cs_client */;

--
-- Dumping data for table `customers`
--

LOCK TABLES `customers` WRITE;
/*!40000 ALTER TABLE `customers` DISABLE KEYS */;
INSERT INTO `customers` VALUES (1,'Balaji',24,'chennai','2022-12-23','New'),(2,'Sita',40,'trichy','2023-05-15','Regular'),(3,'Prabu',38,'coimbatore','2023-02-02','Premium'),(4,'Raj',32,'madurai','2023-02-11','Regular'),(5,'Deva',49,'salem','2022-08-09','New'),(6,'Malar',29,'bangalore','2023-03-01','New'),(7,'Nimisha',24,'ooty','2022-09-22','Regular'),(8,'Yamini',35,'vellore','2022-09-14','Premium'),(9,'Pandu',34,'yercaud','2023-09-02','Regular'),(10,'Shanthi',34,'chennai','2023-11-03','Premium'),(11,'Deesh',24,'trichy','2022-08-25','New'),(12,'Kavi',35,'coimbatore','2023-08-28','Regular'),(13,'Anil',46,'madurai','2023-11-08','Premium'),(14,'Balaji',45,'salem','2023-10-26','Regular'),(15,'Sita',51,'bangalore','2022-06-11','New'),(16,'Prabu',24,'ooty','2022-03-05','Premium'),(17,'Raj',45,'vellore','2023-01-12','Regular'),(18,'Deva',48,'yercaud','2023-01-28','Premium'),(19,'Malar',43,'chennai','2023-02-23','New'),(20,'Nimisha',26,'trichy','2023-10-27','New'),(21,'Yamini',55,'coimbatore','2022-10-10','Regular'),(22,'Pandu',25,'madurai','2023-01-18','Premium'),(23,'Shanthi',47,'salem','2023-10-07','Regular'),(24,'Deesh',26,'bangalore','2023-08-31','New'),(25,'Kavi',41,'ooty','2022-12-12','New'),(26,'Anil',53,'vellore','2022-09-09','Regular'),(27,'Balaji',54,'yercaud','2022-10-30','Premium'),(28,'Sita',28,'chennai','2022-08-02','Regular'),(29,'Prabu',28,'trichy','2022-01-11','Premium'),(30,'Raj',52,'coimbatore','2022-09-15','New'),(31,'Deva',43,'madurai','2023-09-26','Regular'),(32,'Malar',39,'salem','2023-06-19','Premium'),(33,'Nimisha',32,'bangalore','2022-10-28','Regular'),(34,'Yamini',29,'ooty','2022-02-22','New'),(35,'Pandu',42,'vellore','2023-06-24','Premium'),(36,'Shanthi',50,'yercaud','2023-05-12','Regular'),(37,'Deesh',34,'chennai','2023-07-03','Premium'),(38,'Kavi',43,'trichy','2022-12-07','New'),(39,'Anil',38,'coimbatore','2023-11-22','New'),(40,'Balaji',55,'madurai','2023-06-21','Regular'),(41,'Sita',44,'salem','2022-03-14','Premium'),(42,'Prabu',51,'bangalore','2023-03-27','Regular'),(43,'Raj',35,'ooty','2023-07-16','New'),(44,'Deva',38,'vellore','2022-09-12','New'),(45,'Malar',28,'yercaud','2023-09-29','Regular'),(46,'Nimisha',40,'chennai','2022-07-26','Premium'),(47,'Yamini',27,'trichy','2022-02-25','Regular'),(48,'Pandu',36,'coimbatore','2022-07-27','Premium'),(49,'Shanthi',34,'madurai','2023-08-24','New'),(50,'Deesh',28,'salem','2022-04-15','Regular'),(51,'Kavi',45,'bangalore','2022-08-28','Premium'),(52,'Anil',24,'ooty','2023-10-16','Regular'),(53,'Balaji',29,'vellore','2022-01-18','New'),(54,'Sita',45,'yercaud','2022-10-29','Premium'),(55,'Prabu',32,'chennai','2022-01-04','Regular'),(56,'Balaji',25,'trichy','2023-05-11','Premium'),(57,'Sita',25,'coimbatore','2022-10-30','New'),(58,'Prabu',28,'madurai','2022-02-03','New'),(59,'Raj',23,'salem','2023-11-05','Regular'),(60,'Deva',26,'bangalore','2022-11-27','Premium'),(61,'Malar',27,'ooty','2023-10-05','Regular'),(62,'Nimisha',25,'vellore','2022-06-11','New'),(63,'Yamini',43,'yercaud','2022-12-26','New'),(64,'Pandu',24,'chennai','2022-09-27','Regular'),(65,'Shanthi',33,'trichy','2022-04-23','Premium'),(66,'Deesh',51,'coimbatore','2022-05-25','Regular'),(67,'Kavi',35,'madurai','2022-04-30','Premium'),(68,'Anil',28,'salem','2022-09-11','New'),(69,'Balaji',35,'bangalore','2022-05-22','Regular'),(70,'Sita',32,'ooty','2022-03-04','Premium'),(71,'Prabu',48,'vellore','2022-02-17','Regular'),(72,'Raj',53,'yercaud','2023-07-26','New'),(73,'Deva',48,'chennai','2022-12-28','Premium'),(74,'Malar',55,'trichy','2022-02-28','Regular'),(75,'Nimisha',45,'coimbatore','2022-03-17','Premium'),(76,'Yamini',45,'madurai','2023-11-07','New'),(77,'Pandu',41,'salem','2023-09-13','New'),(78,'Shanthi',39,'bangalore','2023-01-16','Regular'),(79,'Deesh',48,'ooty','2023-06-11','Premium'),(80,'Kavi',54,'vellore','2022-02-25','Regular'),(81,'Anil',49,'yercaud','2022-04-03','New'),(82,'Balaji',42,'chennai','2022-02-23','New'),(83,'Sita',34,'trichy','2022-02-17','Regular'),(84,'Prabu',31,'coimbatore','2022-05-03','Premium'),(85,'Raj',22,'madurai','2023-06-02','Regular'),(86,'Deva',24,'salem','2023-11-18','Premium'),(87,'Malar',48,'bangalore','2022-01-16','New'),(88,'Nimisha',38,'ooty','2022-09-26','Regular'),(89,'Yamini',33,'vellore','2022-12-21','Premium'),(90,'Pandu',24,'yercaud','2022-06-19','Regular'),(91,'Shanthi',49,'chennai','2023-08-26','New'),(92,'Deesh',31,'trichy','2023-04-17','Premium'),(93,'Kavi',53,'coimbatore','2022-09-10','Regular'),(94,'Anil',48,'madurai','2023-07-14','Premium'),(95,'Balaji',35,'salem','2022-09-22','New'),(96,'Sita',32,'bangalore','2023-01-24','New'),(97,'Prabu',22,'ooty','2022-02-06','Regular'),(98,'Raj',39,'vellore','2023-10-01','Premium'),(99,'Deva',27,'yercaud','2022-03-18','Regular'),(100,'Malar',27,'chennai','2022-04-26','New'),(101,'Swetha',37,'Chennai','2023-06-12','Regular'),(102,'Stalin',26,'Bangalore','2023-09-07','Premium'),(103,'Karthick',47,'Hyderabad','2022-07-29','New'),(104,'Gokhul',40,'Mumbai','2023-01-24','New'),(105,'Sanjay',57,'Delhi','2022-01-06','Regular'),(106,'Meera',60,'vellore','2023-08-24','Premium'),(107,'Heera',22,'yercaud','2023-02-04','Regular'),(108,'Prashu',57,'chennai','2023-04-12','New'),(109,'Madhu',25,'trichy','2022-09-16','Regular'),(110,'Swathi',47,'coimbatore','2022-09-12','Premium'),(111,'Rita',25,'madurai','2022-02-06','New'),(112,'Raja',20,'salem','2022-01-11','New'),(113,'Kayal',36,'bangalore','2022-11-24','Regular'),(114,'Israel',47,'ooty','2023-08-31','Premium'),(115,'Raghav',27,'vellore','2023-06-07','Regular'),(116,'Reena',23,'yercaud','2022-04-14','New'),(117,'Deepa',43,'chennai','2022-10-28','Regular'),(118,'Suji',40,'trichy','2023-03-01','Premium'),(119,'Sathya',24,'coimbatore','2022-02-06','New'),(120,'Diya',37,'madurai','2023-01-08','New'),(121,'Dinesh',39,'salem','2023-11-07','Regular'),(122,'Kavi',52,'bangalore','2022-08-23','Premium'),(123,'Radha',34,'ooty','2023-07-13','Regular'),(124,'Keerthi',44,'vellore','2023-06-11','New'),(125,'Swetha',22,'yercaud','2022-08-18','Regular'),(126,'Stalin',49,'chennai','2022-02-14','Premium'),(127,'Karthick',28,'Chennai','2022-03-09','New'),(128,'Gokhul',52,'Bangalore','2023-06-20','New'),(129,'Sanjay',50,'Hyderabad','2023-05-21','Regular'),(130,'Swetha',56,'Mumbai','2023-03-26','Premium'),(131,'Stalin',36,'Delhi','2023-08-04','Regular'),(132,'Karthick',20,'vellore','2022-10-13','New'),(133,'Gokhul',42,'yercaud','2023-03-23','Regular'),(134,'Sanjay',24,'chennai','2023-06-06','Premium'),(135,'Meera',46,'trichy','2023-04-05','New'),(136,'Heera',43,'coimbatore','2022-02-19','New'),(137,'Prashu',27,'madurai','2023-11-16','Regular'),(138,'Madhu',20,'salem','2023-01-26','Premium'),(139,'Swathi',48,'bangalore','2022-02-15','Regular'),(140,'Rita',25,'ooty','2022-03-07','New'),(141,'Raja',58,'vellore','2022-03-22','Regular'),(142,'Kayal',20,'yercaud','2023-06-04','Premium'),(143,'Israel',45,'chennai','2023-01-15','New'),(144,'Raghav',45,'trichy','2023-07-26','New'),(145,'Reena',53,'coimbatore','2022-04-10','Regular'),(146,'Deepa',22,'madurai','2022-09-23','Premium'),(147,'Suji',41,'salem','2022-06-02','Regular'),(148,'Sathya',45,'bangalore','2023-09-03','New'),(149,'Diya',35,'ooty','2023-05-05','Regular'),(150,'Dinesh',34,'vellore','2023-04-05','Premium'),(151,'Kavi',22,'yercaud','2023-02-01','New'),(152,'Radha',48,'chennai','2023-06-24','New'),(153,'Keerthi',33,'Chennai','2023-05-06','Regular'),(154,'Swetha',59,'Bangalore','2023-07-29','Premium'),(155,'Stalin',42,'Hyderabad','2023-07-04','Regular'),(156,'Karthick',34,'Mumbai','2022-07-29','New'),(157,'Gokhul',59,'Delhi','2023-07-21','Regular'),(158,'Sanjay',34,'vellore','2023-03-14','Premium'),(159,'Swetha',46,'yercaud','2022-12-20','New'),(160,'Stalin',21,'chennai','2023-09-24','New'),(161,'Karthick',30,'trichy','2022-09-22','Regular'),(162,'Gokhul',56,'coimbatore','2023-05-30','Premium'),(163,'Sanjay',53,'madurai','2022-12-06','Regular'),(164,'Meera',43,'salem','2023-06-02','New'),(165,'Heera',40,'bangalore','2023-07-08','Regular'),(166,'Prashu',28,'ooty','2023-10-05','Premium'),(167,'Madhu',47,'vellore','2022-11-02','New'),(168,'Swathi',41,'yercaud','2023-03-20','New'),(169,'Rita',24,'chennai','2023-03-05','Regular'),(170,'Raja',53,'trichy','2023-02-19','Premium'),(171,'Kayal',42,'coimbatore','2022-04-28','Regular'),(172,'Israel',24,'madurai','2022-09-03','New'),(173,'Raghav',59,'salem','2023-05-01','Regular'),(174,'Reena',49,'bangalore','2023-09-18','Premium'),(175,'Deepa',47,'ooty','2023-02-04','New'),(176,'Suji',41,'vellore','2023-02-07','New'),(177,'Sathya',38,'yercaud','2022-04-25','Regular'),(178,'Diya',22,'chennai','2022-02-05','Premium'),(179,'Dinesh',45,'Chennai','2023-07-02','Regular'),(180,'Kavi',53,'Bangalore','2022-02-13','New'),(181,'Radha',45,'Hyderabad','2023-04-10','Regular'),(182,'Keerthi',43,'Mumbai','2022-12-27','Premium'),(183,'Swetha',41,'Delhi','2023-01-25','New'),(184,'Stalin',50,'vellore','2022-11-12','New'),(185,'Karthick',51,'yercaud','2023-07-22','Regular'),(186,'Gokhul',20,'chennai','2022-05-21','Premium'),(187,'Sanjay',44,'trichy','2023-04-11','Regular'),(188,'Swetha',23,'coimbatore','2023-09-10','New'),(189,'Stalin',34,'madurai','2022-12-24','Regular'),(190,'Karthick',57,'salem','2023-01-28','Premium'),(191,'Gokhul',57,'bangalore','2022-12-29','New'),(192,'Sanjay',56,'ooty','2022-06-13','New'),(193,'Meera',44,'vellore','2023-02-21','Regular'),(194,'Heera',33,'yercaud','2023-04-28','Premium'),(195,'Prashu',32,'chennai','2023-09-25','Regular'),(196,'Madhu',26,'trichy','2022-03-22','New'),(197,'Swathi',59,'coimbatore','2023-06-01','Regular'),(198,'Rita',46,'madurai','2022-03-17','Premium'),(199,'Raja',47,'salem','2022-07-23','New'),(200,'Kayal',45,'bangalore','2023-01-06','New'),(201,'Israel',40,'ooty','2023-01-27','Regular'),(202,'Raghav',30,'vellore','2023-08-04','Premium'),(203,'Reena',50,'yercaud','2023-06-15','Regular'),(204,'Deepa',37,'chennai','2023-01-29','New'),(205,'Suji',21,'Chennai','2022-11-21','Regular'),(206,'Sathya',39,'Bangalore','2022-08-31','Premium'),(207,'Diya',37,'Hyderabad','2023-05-25','New'),(208,'Dinesh',27,'Mumbai','2022-06-12','New'),(209,'Kavi',45,'Delhi','2023-08-10','Regular'),(210,'Radha',26,'vellore','2023-04-08','Premium'),(211,'Keerthi',49,'yercaud','2022-12-14','Regular'),(212,'Swetha',35,'chennai','2023-11-30','New'),(213,'Stalin',55,'trichy','2023-09-17','Regular'),(214,'Karthick',46,'coimbatore','2023-01-14','Premium'),(215,'Gokhul',60,'madurai','2022-11-20','New'),(216,'Sanjay',38,'salem','2022-08-01','New'),(217,'Swetha',20,'bangalore','2022-09-05','Regular'),(218,'Stalin',57,'ooty','2022-06-25','Premium'),(219,'Karthick',33,'vellore','2022-11-14','Regular'),(220,'Gokhul',47,'yercaud','2022-07-30','New'),(221,'Sanjay',48,'chennai','2022-06-15','Regular'),(222,'Meera',40,'trichy','2022-12-30','Premium'),(223,'Heera',50,'coimbatore','2022-07-27','New'),(224,'Prashu',27,'madurai','2022-04-23','New'),(225,'Madhu',25,'salem','2022-04-10','Regular'),(226,'Swathi',51,'bangalore','2023-04-26','Premium'),(227,'Rita',33,'ooty','2022-01-28','Regular'),(228,'Raja',38,'vellore','2022-11-20','New'),(229,'Kayal',51,'yercaud','2022-09-23','Regular'),(230,'Israel',36,'chennai','2023-02-28','Premium'),(231,'Raghav',24,'Chennai','2022-10-03','New'),(232,'Reena',42,'Bangalore','2023-02-22','New'),(233,'Deepa',55,'Hyderabad','2022-06-09','Regular'),(234,'Suji',41,'Mumbai','2022-03-13','Premium'),(235,'Sathya',44,'Delhi','2022-09-05','Regular'),(236,'Diya',54,'vellore','2022-01-14','New'),(237,'Dinesh',54,'yercaud','2023-11-07','Regular'),(238,'Kavi',55,'chennai','2023-03-11','Premium'),(239,'Radha',55,'trichy','2023-02-03','New'),(240,'Keerthi',24,'coimbatore','2022-02-06','New'),(241,'Swetha',30,'madurai','2023-09-28','Regular'),(242,'Stalin',43,'salem','2023-02-11','Premium'),(243,'Karthick',50,'bangalore','2022-06-24','Regular'),(244,'Gokhul',30,'ooty','2023-07-26','New'),(245,'Sanjay',28,'vellore','2022-01-15','Regular'),(246,'Meera',28,'yercaud','2022-12-29','Premium'),(247,'Heera',52,'chennai','2022-12-27','New'),(248,'Prashu',41,'trichy','2022-11-20','New'),(249,'Madhu',49,'coimbatore','2023-10-17','Regular'),(250,'Swathi',24,'madurai','2023-08-30','Premium'),(251,'Rita',29,'salem','2022-05-28','Regular'),(252,'Raja',51,'bangalore','2023-05-21','New'),(253,'Kayal',48,'ooty','2022-11-14','Regular'),(254,'Israel',42,'vellore','2022-10-16','Premium'),(255,'Raghav',35,'yercaud','2022-04-30','New'),(256,'Reena',44,'chennai','2023-05-28','New'),(257,'Deepa',54,'Chennai','2023-05-31','Regular'),(258,'Suji',53,'Bangalore','2023-08-15','Premium'),(259,'Sathya',24,'Hyderabad','2023-12-02','Regular'),(260,'Diya',30,'Mumbai','2023-11-02','New'),(261,'Dinesh',48,'Delhi','2022-01-18','Regular'),(262,'Kavi',34,'vellore','2022-04-02','Premium'),(263,'Radha',59,'yercaud','2023-07-12','New'),(264,'Keerthi',32,'chennai','2022-05-31','New'),(265,'Swetha',30,'trichy','2022-12-06','Regular'),(266,'Stalin',52,'coimbatore','2022-10-20','Premium'),(267,'Karthick',54,'madurai','2023-05-15','Regular'),(268,'Gokhul',26,'salem','2023-03-05','New'),(269,'Sanjay',41,'bangalore','2022-05-27','Regular'),(270,'Swetha',43,'ooty','2023-01-30','Premium'),(271,'Stalin',48,'vellore','2022-03-03','New'),(272,'Karthick',41,'yercaud','2023-09-24','New'),(273,'Gokhul',52,'chennai','2022-08-11','Regular'),(274,'Sanjay',34,'trichy','2023-01-19','Premium'),(275,'Meera',59,'coimbatore','2023-08-31','Regular'),(276,'Heera',51,'madurai','2023-04-07','New'),(277,'Prashu',26,'salem','2023-01-24','Regular'),(278,'Madhu',42,'bangalore','2022-10-06','Premium'),(279,'Swathi',41,'ooty','2023-06-14','New'),(280,'Rita',57,'vellore','2022-01-17','New'),(281,'Raja',26,'yercaud','2022-11-11','Regular'),(282,'Kayal',55,'chennai','2023-07-30','Premium'),(283,'Israel',28,'Chennai','2023-06-29','Regular'),(284,'Raghav',47,'Bangalore','2022-12-25','New'),(285,'Reena',38,'Hyderabad','2023-02-07','Regular'),(286,'Deepa',46,'Mumbai','2023-05-04','Premium'),(287,'Suji',33,'Delhi','2022-05-31','New'),(288,'Sathya',30,'vellore','2023-03-01','New'),(289,'Diya',56,'yercaud','2022-06-12','Regular'),(290,'Dinesh',42,'chennai','2023-10-29','Premium'),(291,'Kavi',27,'trichy','2023-07-15','Regular'),(292,'Radha',37,'coimbatore','2022-06-27','New'),(293,'Keerthi',36,'madurai','2022-07-25','Regular'),(294,'Swetha',36,'salem','2022-08-15','Premium'),(295,'Stalin',55,'bangalore','2023-06-10','New'),(296,'Karthick',44,'ooty','2023-04-03','New'),(297,'Gokhul',20,'vellore','2022-04-11','Regular'),(298,'Sanjay',40,'yercaud','2022-04-21','Premium'),(299,'Swetha',57,'chennai','2022-04-19','Regular'),(300,'Stalin',27,'trichy','2023-10-26','New'),(301,'Karthick',50,'coimbatore','2022-04-17','Regular'),(302,'Gokhul',27,'madurai','2023-05-08','Premium'),(303,'Sanjay',45,'salem','2023-02-25','New'),(304,'Meera',53,'bangalore','2022-09-21','New'),(305,'Heera',57,'ooty','2023-07-28','Regular'),(306,'Prashu',34,'vellore','2022-09-15','Premium'),(307,'Madhu',32,'yercaud','2022-06-05','Regular'),(308,'Swathi',36,'chennai','2022-09-01','New'),(309,'Rita',39,'Chennai','2023-08-22','Regular'),(310,'Raja',49,'Bangalore','2023-09-23','Premium'),(311,'Kayal',41,'Hyderabad','2022-10-07','New'),(312,'Israel',38,'Mumbai','2022-09-29','New'),(313,'Raghav',54,'Delhi','2022-10-22','Regular'),(314,'Reena',42,'vellore','2022-06-23','Premium'),(315,'Deepa',36,'yercaud','2022-06-14','Regular'),(316,'Suji',53,'chennai','2022-04-23','New'),(317,'Sathya',32,'trichy','2023-06-17','Regular'),(318,'Diya',34,'coimbatore','2023-05-02','Premium'),(319,'Dinesh',27,'madurai','2022-10-25','New'),(320,'Kavi',21,'salem','2022-01-18','New'),(321,'Radha',27,'bangalore','2023-10-07','Regular'),(322,'Keerthi',55,'ooty','2022-08-08','Premium'),(323,'Swetha',54,'vellore','2023-06-04','Regular'),(324,'Stalin',48,'yercaud','2023-03-11','New'),(325,'Karthick',36,'chennai','2022-04-30','Regular'),(326,'Gokhul',31,'trichy','2022-08-26','Premium'),(327,'Sanjay',39,'coimbatore','2023-01-26','New'),(328,'Swetha',24,'madurai','2023-03-30','New'),(329,'Stalin',50,'salem','2022-11-03','Regular'),(330,'Karthick',45,'bangalore','2023-08-31','Premium'),(331,'Gokhul',26,'ooty','2022-06-10','Regular'),(332,'Sanjay',22,'vellore','2022-05-21','New'),(333,'Meera',32,'yercaud','2023-01-14','Regular'),(334,'Heera',28,'chennai','2022-07-07','Premium'),(335,'Prashu',29,'Chennai','2022-09-05','New'),(336,'Madhu',50,'Bangalore','2023-02-08','New'),(337,'Swathi',59,'Hyderabad','2022-07-21','Regular'),(338,'Rita',44,'Mumbai','2023-11-10','Premium'),(339,'Raja',56,'Delhi','2023-11-01','Regular'),(340,'Kayal',26,'vellore','2022-02-13','New'),(341,'Israel',27,'yercaud','2022-09-21','Regular'),(342,'Raghav',53,'chennai','2023-07-28','Premium'),(343,'Reena',46,'trichy','2023-07-30','New'),(344,'Deepa',59,'coimbatore','2022-11-19','New'),(345,'Suji',24,'madurai','2022-05-01','Regular'),(346,'Sathya',42,'salem','2022-01-02','Premium'),(347,'Diya',32,'bangalore','2023-07-23','Regular'),(348,'Dinesh',44,'ooty','2023-08-06','New'),(349,'Kavi',33,'vellore','2023-10-26','Regular'),(350,'Radha',54,'yercaud','2022-05-03','Premium'),(351,'Keerthi',27,'chennai','2022-10-16','New'),(352,'Swetha',49,'trichy','2022-12-31','New'),(353,'Stalin',31,'coimbatore','2023-07-19','Regular'),(354,'Karthick',24,'madurai','2023-03-30','Premium'),(355,'Gokhul',39,'salem','2022-04-03','Regular'),(356,'Sanjay',34,'bangalore','2022-12-23','New'),(357,'Swetha',46,'ooty','2022-08-21','Regular'),(358,'Stalin',55,'vellore','2022-11-02','Premium'),(359,'Karthick',30,'yercaud','2022-02-20','New'),(360,'Gokhul',53,'chennai','2023-04-07','New'),(361,'Sanjay',22,'Chennai','2023-07-11','Regular'),(362,'Meera',48,'Bangalore','2023-08-16','Premium'),(363,'Heera',20,'Hyderabad','2022-09-29','Regular'),(364,'Prashu',38,'Mumbai','2023-03-21','New'),(365,'Madhu',23,'Delhi','2023-05-20','Regular'),(366,'Swathi',44,'vellore','2023-10-09','Premium'),(367,'Rita',39,'yercaud','2023-02-20','New'),(368,'Raja',60,'chennai','2023-04-23','New'),(369,'Kayal',46,'trichy','2022-04-13','Regular'),(370,'Israel',50,'coimbatore','2023-06-20','Premium'),(371,'Raghav',38,'madurai','2023-10-08','Regular'),(372,'Reena',37,'salem','2022-01-01','New'),(373,'Deepa',46,'bangalore','2022-04-23','Regular'),(374,'Suji',41,'ooty','2023-06-22','Premium'),(375,'Sathya',53,'vellore','2022-12-28','New'),(376,'Diya',60,'yercaud','2023-01-31','New'),(377,'Dinesh',45,'chennai','2023-10-31','Regular'),(378,'Kavi',31,'trichy','2023-05-01','Premium'),(379,'Radha',47,'coimbatore','2023-11-06','Regular'),(380,'Keerthi',47,'madurai','2023-05-10','New'),(381,'Swetha',49,'salem','2023-02-20','Regular'),(382,'Stalin',27,'bangalore','2022-12-23','Premium'),(383,'Karthick',52,'ooty','2022-01-19','New'),(384,'Gokhul',51,'vellore','2022-08-22','New'),(385,'Sanjay',38,'yercaud','2023-01-24','Regular'),(386,'Meera',34,'chennai','2022-08-27','Premium'),(387,'Heera',33,'Chennai','2022-07-17','Regular'),(388,'Prashu',40,'Bangalore','2022-02-08','New'),(389,'Madhu',55,'Hyderabad','2022-07-04','Regular'),(390,'Swathi',37,'Mumbai','2023-07-20','Premium'),(391,'Rita',46,'Delhi','2022-04-25','New'),(392,'Raja',30,'vellore','2022-05-28','New'),(393,'Kayal',55,'yercaud','2022-05-26','Regular'),(394,'Israel',41,'chennai','2023-05-01','Premium'),(395,'Raghav',46,'trichy','2022-04-25','Regular'),(396,'Reena',35,'coimbatore','2022-09-30','New'),(397,'Deepa',43,'madurai','2023-10-07','Regular'),(398,'Suji',60,'salem','2022-05-27','Premium'),(399,'Sathya',40,'bangalore','2023-07-07','New'),(400,'Diya',38,'ooty','2023-05-25','New'),(401,'Dinesh',24,'vellore','2023-05-06','Regular'),(402,'Kavi',25,'yercaud','2022-05-03','Premium'),(403,'Radha',39,'chennai','2022-06-17','Regular'),(404,'Keerthi',26,'trichy','2023-06-05','New'),(405,'Swetha',60,'coimbatore','2023-08-24','Regular'),(406,'Stalin',31,'madurai','2023-05-16','Premium'),(407,'Karthick',30,'salem','2022-08-03','New'),(408,'Gokhul',59,'bangalore','2022-12-10','New'),(409,'Sanjay',57,'ooty','2023-09-25','Regular'),(410,'Swetha',33,'vellore','2022-04-10','Premium'),(411,'Stalin',22,'yercaud','2023-01-25','Regular'),(412,'Karthick',43,'chennai','2022-08-29','New'),(413,'Gokhul',50,'Chennai','2022-10-22','Regular'),(414,'Sanjay',25,'Bangalore','2023-01-18','Premium'),(415,'Meera',27,'Hyderabad','2023-08-24','New'),(416,'Heera',41,'Mumbai','2023-11-18','New'),(417,'Prashu',20,'Delhi','2022-12-18','Regular'),(418,'Madhu',27,'vellore','2022-03-08','Premium'),(419,'Swathi',26,'yercaud','2022-08-15','Regular'),(420,'Rita',50,'chennai','2022-03-11','New'),(421,'Raja',31,'trichy','2023-08-14','Regular'),(422,'Kayal',20,'coimbatore','2023-10-21','Premium'),(423,'Israel',60,'madurai','2023-08-29','New'),(424,'Raghav',31,'salem','2022-10-31','New'),(425,'Reena',29,'bangalore','2023-02-14','Regular'),(426,'Deepa',45,'ooty','2022-03-03','Premium'),(427,'Suji',32,'vellore','2023-03-26','Regular'),(428,'Sathya',59,'yercaud','2022-11-21','New'),(429,'Diya',43,'chennai','2023-04-05','Regular'),(430,'Dinesh',44,'trichy','2023-08-11','Premium'),(431,'Kavi',56,'coimbatore','2022-08-30','New'),(432,'Radha',28,'madurai','2023-03-11','New'),(433,'Keerthi',22,'salem','2023-08-31','Regular'),(434,'Swetha',50,'bangalore','2022-09-04','Premium'),(435,'Stalin',55,'ooty','2022-05-25','Regular'),(436,'Karthick',55,'vellore','2023-10-23','New'),(437,'Gokhul',27,'yercaud','2022-12-01','Regular'),(438,'Sanjay',58,'chennai','2022-03-27','Premium'),(439,'Swetha',60,'Chennai','2023-03-31','New'),(440,'Stalin',45,'Bangalore','2022-01-12','New'),(441,'Karthick',48,'Hyderabad','2022-08-21','Regular'),(442,'Gokhul',38,'Mumbai','2023-04-08','Premium'),(443,'Sanjay',49,'Delhi','2023-08-25','Regular'),(444,'Meera',34,'vellore','2022-03-15','New'),(445,'Heera',44,'yercaud','2022-10-05','Regular'),(446,'Prashu',31,'chennai','2023-09-12','Premium'),(447,'Madhu',28,'trichy','2022-09-25','New'),(448,'Swathi',29,'coimbatore','2022-03-06','New'),(449,'Rita',44,'madurai','2022-05-29','Regular'),(450,'Raja',26,'salem','2023-10-17','Premium'),(451,'Kayal',29,'bangalore','2022-06-06','Regular'),(452,'Israel',31,'ooty','2023-09-15','New'),(453,'Raghav',22,'vellore','2022-11-07','Regular'),(454,'Reena',37,'yercaud','2023-10-31','Premium'),(455,'Deepa',24,'chennai','2022-03-02','New'),(456,'Suji',45,'trichy','2023-07-11','New'),(457,'Sathya',32,'coimbatore','2022-07-10','Regular'),(458,'Diya',51,'madurai','2023-10-10','Premium'),(459,'Dinesh',46,'salem','2023-01-02','Regular'),(460,'Kavi',38,'bangalore','2023-03-22','New'),(461,'Radha',20,'ooty','2023-06-10','Regular'),(462,'Keerthi',32,'vellore','2023-01-18','Premium'),(463,'Swetha',46,'yercaud','2022-06-11','New'),(464,'Stalin',45,'chennai','2023-06-07','New'),(465,'Karthick',37,'Chennai','2022-10-01','Regular'),(466,'Gokhul',52,'Bangalore','2022-04-02','Premium'),(467,'Sanjay',39,'Hyderabad','2023-04-20','Regular'),(468,'Swetha',22,'Mumbai','2022-09-21','New'),(469,'Stalin',52,'Delhi','2022-02-24','Regular'),(470,'Karthick',54,'vellore','2022-10-27','Premium'),(471,'Gokhul',32,'yercaud','2023-03-29','New'),(472,'Sanjay',54,'chennai','2022-07-17','New'),(473,'Meera',25,'trichy','2022-10-24','Regular'),(474,'Heera',51,'coimbatore','2022-07-02','Premium'),(475,'Prashu',58,'madurai','2023-09-18','Regular'),(476,'Madhu',32,'salem','2023-07-18','New'),(477,'Swathi',30,'bangalore','2022-11-23','Regular'),(478,'Rita',32,'ooty','2022-02-10','Premium'),(479,'Raja',28,'vellore','2022-03-16','New'),(480,'Kayal',53,'yercaud','2023-06-21','New'),(481,'Israel',25,'chennai','2022-10-16','Regular'),(482,'Raghav',40,'trichy','2022-05-07','Premium'),(483,'Reena',54,'coimbatore','2023-08-22','Regular'),(484,'Deepa',41,'madurai','2022-09-28','New'),(485,'Suji',53,'salem','2022-06-21','Regular'),(486,'Sathya',33,'bangalore','2023-08-30','Premium'),(487,'Diya',31,'ooty','2023-11-22','New'),(488,'Dinesh',49,'vellore','2022-10-14','New'),(489,'Kavi',47,'yercaud','2023-08-21','Regular'),(490,'Radha',48,'chennai','2022-03-20','Premium'),(491,'Keerthi',50,'Chennai','2023-03-09','Regular'),(492,'Swetha',32,'Bangalore','2023-07-14','New'),(493,'Stalin',20,'Hyderabad','2023-09-27','Regular'),(494,'Karthick',50,'Mumbai','2022-07-09','Premium'),(495,'Gokhul',27,'Delhi','2022-03-14','New'),(496,'Sanjay',29,'vellore','2023-05-13','New'),(497,'Swetha',38,'yercaud','2023-11-19','Regular'),(498,'Stalin',55,'chennai','2022-10-20','Premium'),(499,'Karthick',47,'trichy','2023-01-27','Regular'),(500,'Gokhul',39,'coimbatore','2023-02-23','New'),(501,'Sanjay',30,'madurai','2022-01-15','Regular'),(502,'Meera',27,'salem','2023-09-25','Premium'),(503,'Heera',59,'bangalore','2023-05-10','New'),(504,'Prashu',49,'ooty','2022-03-18','New'),(505,'Madhu',47,'vellore','2023-08-13','Regular'),(506,'Swathi',30,'yercaud','2023-02-27','Premium'),(507,'Rita',34,'chennai','2023-07-24','Regular'),(508,'Raja',26,'trichy','2023-07-29','New'),(509,'Kayal',49,'coimbatore','2022-05-23','Regular'),(510,'Israel',29,'madurai','2023-01-05','Premium'),(511,'Raghav',46,'salem','2022-06-06','New'),(512,'Reena',58,'bangalore','2023-09-21','New'),(513,'Deepa',52,'ooty','2023-08-23','Regular'),(514,'Suji',56,'vellore','2023-10-07','Premium'),(515,'Sathya',22,'yercaud','2023-11-19','Regular'),(516,'Diya',55,'chennai','2022-06-27','New'),(517,'Dinesh',36,'Chennai','2023-03-06','Regular'),(518,'Kavi',30,'Bangalore','2023-06-12','Premium'),(519,'Radha',20,'Hyderabad','2022-07-03','New'),(520,'Keerthi',53,'Mumbai','2022-09-15','New'),(521,'Swetha',29,'Delhi','2023-08-07','Regular'),(522,'Stalin',56,'vellore','2022-11-11','Premium'),(523,'Karthick',20,'yercaud','2023-09-10','Regular'),(524,'Gokhul',50,'chennai','2023-03-31','New'),(525,'Sanjay',36,'trichy','2022-04-30','Regular'),(526,'Meera',25,'coimbatore','2023-02-25','Premium'),(527,'Heera',32,'madurai','2023-07-03','New'),(528,'Prashu',31,'salem','2023-03-22','New'),(529,'Madhu',32,'bangalore','2022-03-31','Regular'),(530,'Swathi',38,'ooty','2022-10-30','Premium'),(531,'Rita',37,'vellore','2022-12-08','Regular'),(532,'Raja',40,'yercaud','2023-10-24','New'),(533,'Kayal',55,'chennai','2022-03-10','Regular'),(534,'Israel',34,'trichy','2022-08-29','Premium'),(535,'Raghav',43,'coimbatore','2022-11-18','New'),(536,'Reena',34,'madurai','2022-08-14','New'),(537,'Deepa',34,'salem','2022-01-29','Regular'),(538,'Suji',37,'bangalore','2023-10-24','Premium'),(539,'Sathya',42,'ooty','2023-11-30','Regular'),(540,'Diya',26,'vellore','2022-09-09','New'),(541,'Dinesh',26,'yercaud','2023-02-07','Regular'),(542,'Kavi',26,'chennai','2023-05-31','Premium'),(543,'Radha',51,'Chennai','2022-08-19','New'),(544,'Keerthi',56,'Bangalore','2023-03-23','New'),(545,'Swetha',44,'Hyderabad','2022-11-01','Regular'),(546,'Stalin',31,'Mumbai','2022-09-25','Premium'),(547,'Karthick',31,'Delhi','2022-08-11','Regular'),(548,'Gokhul',56,'vellore','2022-03-02','New'),(549,'Sanjay',46,'yercaud','2022-04-28','Regular'),(550,'Swetha',33,'chennai','2023-05-13','Premium'),(551,'Stalin',35,'trichy','2023-02-08','New'),(552,'Karthick',33,'coimbatore','2022-12-23','New'),(553,'Gokhul',30,'madurai','2023-02-13','Regular'),(554,'Sanjay',53,'salem','2022-01-13','Premium'),(555,'Meera',39,'bangalore','2023-02-05','Regular'),(556,'Heera',52,'ooty','2022-12-29','New'),(557,'Prashu',58,'vellore','2023-09-27','Regular'),(558,'Madhu',57,'yercaud','2023-08-09','Premium'),(559,'Swathi',52,'chennai','2023-03-13','New'),(560,'Rita',48,'trichy','2023-05-29','New'),(561,'Raja',29,'coimbatore','2022-05-18','Regular'),(562,'Kayal',37,'madurai','2022-04-18','Premium'),(563,'Israel',36,'salem','2022-12-05','Regular'),(564,'Raghav',44,'bangalore','2022-05-06','New'),(565,'Reena',20,'ooty','2023-09-10','Regular'),(566,'Deepa',35,'vellore','2022-11-01','Premium'),(567,'Suji',37,'yercaud','2022-12-17','New'),(568,'Sathya',40,'chennai','2022-06-30','New'),(569,'Diya',28,'Chennai','2022-01-09','Regular'),(570,'Dinesh',26,'Bangalore','2023-07-24','Premium'),(571,'Kavi',39,'Hyderabad','2022-04-27','Regular'),(572,'Radha',50,'Mumbai','2023-03-25','New'),(573,'Keerthi',31,'Delhi','2022-09-03','Regular'),(574,'Swetha',27,'vellore','2022-06-14','Premium'),(575,'Stalin',47,'yercaud','2022-10-05','New'),(576,'Karthick',50,'chennai','2023-05-09','New'),(577,'Gokhul',22,'trichy','2023-06-12','Regular'),(578,'Sanjay',53,'coimbatore','2023-04-19','Premium'),(579,'Swetha',50,'madurai','2023-06-01','Regular'),(580,'Stalin',26,'salem','2022-04-19','New'),(581,'Karthick',27,'bangalore','2022-07-28','Regular'),(582,'Gokhul',45,'ooty','2022-12-29','Premium'),(583,'Sanjay',53,'vellore','2023-09-06','New'),(584,'Meera',26,'yercaud','2022-05-15','New'),(585,'Heera',20,'chennai','2023-04-22','Regular'),(586,'Prashu',49,'trichy','2022-04-05','Premium'),(587,'Madhu',52,'coimbatore','2023-01-22','Regular'),(588,'Swathi',48,'madurai','2022-07-17','New'),(589,'Rita',47,'salem','2023-08-10','Regular'),(590,'Raja',46,'bangalore','2023-06-04','Premium'),(591,'Kayal',36,'ooty','2023-04-02','New'),(592,'Israel',28,'vellore','2022-07-19','New'),(593,'Raghav',51,'yercaud','2022-06-02','Regular'),(594,'Reena',34,'chennai','2022-09-17','Premium'),(595,'Deepa',40,'Chennai','2023-09-12','Regular'),(596,'Suji',53,'Bangalore','2022-04-22','New'),(597,'Sathya',37,'Hyderabad','2023-08-26','Regular'),(598,'Diya',35,'Mumbai','2023-05-03','Premium'),(599,'Dinesh',37,'Delhi','2022-01-22','New'),(600,'Kavi',40,'vellore','2022-12-06','New'),(601,'Radha',25,'yercaud','2023-06-29','Regular'),(602,'Keerthi',20,'chennai','2023-06-07','Premium'),(603,'Swetha',43,'trichy','2022-01-07','Regular'),(604,'Stalin',23,'coimbatore','2023-04-04','New'),(605,'Karthick',53,'madurai','2023-09-23','Regular'),(606,'Gokhul',60,'salem','2022-10-26','Premium'),(607,'Sanjay',53,'bangalore','2022-04-28','New'),(608,'Swetha',27,'ooty','2022-02-16','New'),(609,'Stalin',32,'vellore','2023-05-09','Regular'),(610,'Karthick',33,'yercaud','2023-01-10','Premium'),(611,'Gokhul',56,'chennai','2022-11-23','Regular'),(612,'Sanjay',41,'trichy','2022-11-23','New'),(613,'Meera',30,'coimbatore','2023-01-24','Regular'),(614,'Heera',60,'madurai','2022-05-16','Premium'),(615,'Prashu',37,'salem','2022-10-17','New'),(616,'Madhu',26,'bangalore','2022-11-23','New'),(617,'Swathi',59,'ooty','2023-11-24','Regular'),(618,'Rita',21,'vellore','2022-11-02','Premium'),(619,'Raja',42,'yercaud','2023-09-04','Regular'),(620,'Kayal',27,'chennai','2022-07-03','New'),(621,'Israel',24,'Chennai','2022-03-18','Regular'),(622,'Raghav',39,'Bangalore','2023-03-17','Premium'),(623,'Reena',39,'Hyderabad','2023-09-24','New'),(624,'Deepa',49,'Mumbai','2022-11-28','New'),(625,'Suji',29,'Delhi','2022-01-28','Regular'),(626,'Sathya',41,'vellore','2023-04-05','Premium'),(627,'Diya',56,'yercaud','2023-04-05','Regular'),(628,'Dinesh',44,'chennai','2023-11-07','New'),(629,'Kavi',51,'trichy','2022-04-26','Regular'),(630,'Radha',23,'coimbatore','2023-04-09','Premium'),(631,'Keerthi',54,'madurai','2022-12-02','New'),(632,'Swetha',60,'salem','2022-07-29','New'),(633,'Stalin',43,'bangalore','2023-06-10','Regular'),(634,'Karthick',36,'ooty','2022-06-08','Premium'),(635,'Gokhul',53,'vellore','2023-07-29','Regular'),(636,'Sanjay',20,'yercaud','2023-04-28','New'),(637,'Swetha',44,'chennai','2022-07-08','Regular'),(638,'Stalin',35,'trichy','2022-01-06','Premium'),(639,'Karthick',49,'coimbatore','2023-10-20','New'),(640,'Gokhul',51,'madurai','2023-01-13','New'),(641,'Sanjay',46,'salem','2023-06-01','Regular'),(642,'Meera',52,'bangalore','2022-02-23','Premium'),(643,'Heera',54,'ooty','2023-09-22','Regular'),(644,'Prashu',58,'vellore','2023-08-06','New'),(645,'Madhu',40,'yercaud','2023-10-21','Regular'),(646,'Swathi',24,'chennai','2022-07-05','Premium'),(647,'Rita',60,'Chennai','2022-05-11','New'),(648,'Raja',55,'Bangalore','2022-01-14','New'),(649,'Kayal',30,'Hyderabad','2022-01-06','Regular'),(650,'Israel',57,'Mumbai','2023-07-15','Premium'),(651,'Raghav',40,'Delhi','2022-08-19','Regular'),(652,'Reena',53,'vellore','2023-11-15','New'),(653,'Deepa',41,'yercaud','2022-01-23','Regular'),(654,'Suji',27,'chennai','2022-09-03','Premium'),(655,'Sathya',39,'trichy','2022-03-23','New'),(656,'Diya',46,'coimbatore','2023-07-20','New'),(657,'Dinesh',37,'madurai','2022-06-02','Regular'),(658,'Kavi',20,'salem','2023-05-31','Premium'),(659,'Radha',38,'bangalore','2023-06-27','Regular'),(660,'Keerthi',50,'ooty','2022-11-23','New'),(661,'Swetha',29,'vellore','2022-04-03','Regular'),(662,'Stalin',27,'yercaud','2023-08-18','Premium'),(663,'Karthick',50,'chennai','2023-02-02','New'),(664,'Gokhul',45,'trichy','2023-05-30','New'),(665,'Sanjay',20,'coimbatore','2023-11-04','Regular'),(666,'Meera',34,'madurai','2023-10-31','Premium'),(667,'Heera',35,'salem','2022-03-24','Regular'),(668,'Prashu',41,'bangalore','2023-08-19','New'),(669,'Madhu',36,'ooty','2023-01-27','Regular'),(670,'Swathi',43,'vellore','2022-08-08','Premium'),(671,'Rita',32,'yercaud','2022-09-17','New'),(672,'Raja',46,'chennai','2022-08-26','New'),(673,'Kayal',59,'Chennai','2023-11-17','Regular'),(674,'Israel',36,'Bangalore','2022-04-17','Premium'),(675,'Raghav',56,'Hyderabad','2022-09-22','Regular'),(676,'Reena',30,'Mumbai','2023-08-19','New'),(677,'Deepa',41,'Delhi','2023-10-01','Regular'),(678,'Suji',34,'vellore','2022-09-15','Premium'),(679,'Sathya',37,'yercaud','2022-07-31','New'),(680,'Diya',35,'chennai','2022-06-12','New'),(681,'Dinesh',30,'trichy','2022-10-03','Regular'),(682,'Kavi',42,'coimbatore','2023-09-19','Premium'),(683,'Radha',48,'madurai','2022-12-06','Regular'),(684,'Keerthi',22,'salem','2022-02-02','New'),(685,'Swetha',57,'bangalore','2023-03-11','Regular'),(686,'Stalin',20,'ooty','2023-08-02','Premium'),(687,'Karthick',42,'vellore','2022-06-28','New'),(688,'Gokhul',36,'yercaud','2023-06-22','New'),(689,'Sanjay',53,'chennai','2022-09-11','Regular'),(690,'Swetha',46,'trichy','2023-07-09','Premium'),(691,'Stalin',38,'coimbatore','2023-06-23','Regular'),(692,'Karthick',51,'madurai','2022-07-26','New'),(693,'Gokhul',23,'salem','2022-06-30','Regular'),(694,'Sanjay',34,'bangalore','2023-10-31','Premium'),(695,'Meera',49,'ooty','2022-07-30','New'),(696,'Heera',24,'vellore','2023-10-13','New'),(697,'Prashu',26,'yercaud','2023-03-15','Regular'),(698,'Madhu',55,'chennai','2023-04-20','Premium'),(699,'Swathi',32,'Chennai','2022-11-03','Regular'),(700,'Rita',31,'Bangalore','2023-09-23','New'),(701,'Raja',58,'Hyderabad','2023-10-20','Regular'),(702,'Kayal',43,'Mumbai','2022-04-19','Premium'),(703,'Israel',45,'Delhi','2022-12-03','New'),(704,'Raghav',34,'vellore','2022-02-09','New'),(705,'Reena',32,'yercaud','2023-04-01','Regular'),(706,'Deepa',23,'chennai','2023-07-08','Premium'),(707,'Suji',49,'trichy','2023-02-08','Regular'),(708,'Sathya',31,'coimbatore','2023-10-12','New'),(709,'Diya',23,'madurai','2022-09-17','Regular'),(710,'Dinesh',42,'salem','2023-02-10','Premium'),(711,'Kavi',38,'bangalore','2022-02-25','New'),(712,'Radha',21,'ooty','2022-07-14','New'),(713,'Keerthi',25,'vellore','2022-03-06','Regular'),(714,'Swetha',56,'yercaud','2022-10-10','Premium'),(715,'Stalin',59,'chennai','2022-02-07','Regular'),(716,'Karthick',58,'trichy','2022-10-26','New'),(717,'Gokhul',22,'coimbatore','2023-04-08','Regular'),(718,'Sanjay',33,'madurai','2022-09-13','Premium'),(719,'Swetha',51,'salem','2023-09-17','New'),(720,'Stalin',23,'bangalore','2023-08-07','New'),(721,'Karthick',44,'ooty','2023-06-28','Regular'),(722,'Gokhul',42,'vellore','2023-03-05','Premium'),(723,'Sanjay',30,'yercaud','2022-07-13','Regular'),(724,'Meera',50,'chennai','2022-04-01','New'),(725,'Heera',46,'Chennai','2022-08-08','Regular'),(726,'Prashu',24,'Bangalore','2023-03-16','Premium'),(727,'Madhu',31,'Hyderabad','2022-11-21','New'),(728,'Swathi',56,'Mumbai','2023-11-27','New'),(729,'Rita',56,'Delhi','2023-01-26','Regular'),(730,'Raja',24,'vellore','2023-04-06','Premium'),(731,'Kayal',58,'yercaud','2023-06-19','Regular'),(732,'Israel',35,'chennai','2022-10-18','New'),(733,'Raghav',24,'trichy','2023-01-18','Regular'),(734,'Reena',38,'coimbatore','2022-09-02','Premium'),(735,'Deepa',27,'madurai','2023-06-03','New'),(736,'Suji',38,'salem','2023-09-16','New'),(737,'Sathya',28,'bangalore','2023-10-15','Regular'),(738,'Diya',59,'ooty','2023-04-01','Premium'),(739,'Dinesh',31,'vellore','2023-11-30','Regular'),(740,'Kavi',38,'yercaud','2022-08-17','New'),(741,'Radha',55,'chennai','2022-10-23','Regular'),(742,'Keerthi',58,'trichy','2023-05-25','Premium'),(743,'Swetha',23,'coimbatore','2023-12-01','New'),(744,'Stalin',47,'madurai','2023-08-11','New'),(745,'Karthick',24,'salem','2023-03-31','Regular'),(746,'Gokhul',45,'bangalore','2023-09-14','Premium'),(747,'Sanjay',52,'ooty','2022-03-13','Regular'),(748,'Swetha',26,'vellore','2022-11-30','New'),(749,'Stalin',31,'yercaud','2022-08-22','Regular'),(750,'Karthick',57,'chennai','2023-01-12','Premium'),(751,'Gokhul',34,'Chennai','2022-04-03','New'),(752,'Sanjay',23,'Bangalore','2022-05-08','New'),(753,'Meera',22,'Hyderabad','2022-11-22','Regular'),(754,'Heera',33,'Mumbai','2022-11-18','Premium'),(755,'Prashu',27,'Delhi','2023-06-21','Regular'),(756,'Madhu',57,'vellore','2023-09-24','New'),(757,'Swathi',38,'yercaud','2022-10-16','Regular'),(758,'Rita',48,'chennai','2023-06-14','Premium'),(759,'Raja',57,'trichy','2022-02-07','New'),(760,'Kayal',34,'coimbatore','2022-01-15','New'),(761,'Israel',50,'madurai','2023-03-22','Regular'),(762,'Raghav',57,'salem','2022-01-27','Premium'),(763,'Reena',44,'bangalore','2022-05-25','Regular'),(764,'Deepa',44,'ooty','2023-06-02','New'),(765,'Suji',34,'vellore','2023-08-05','Regular'),(766,'Sathya',20,'yercaud','2023-04-30','Premium'),(767,'Diya',24,'chennai','2023-02-17','New'),(768,'Dinesh',58,'trichy','2022-11-11','New'),(769,'Kavi',33,'coimbatore','2022-05-10','Regular'),(770,'Radha',25,'madurai','2023-06-03','Premium'),(771,'Keerthi',26,'salem','2022-09-08','Regular'),(772,'Swetha',51,'bangalore','2023-04-22','New'),(773,'Stalin',49,'ooty','2022-09-29','Regular'),(774,'Karthick',30,'vellore','2022-03-25','Premium'),(775,'Gokhul',36,'yercaud','2023-06-29','New'),(776,'Sanjay',43,'chennai','2023-06-08','New'),(777,'Swetha',32,'Chennai','2022-08-25','Regular'),(778,'Stalin',28,'Bangalore','2022-11-30','Premium'),(779,'Karthick',23,'Hyderabad','2022-11-15','Regular'),(780,'Gokhul',37,'Mumbai','2022-05-12','New'),(781,'Sanjay',28,'Delhi','2023-09-28','Regular'),(782,'Meera',29,'vellore','2023-09-12','Premium'),(783,'Heera',22,'yercaud','2022-02-08','New'),(784,'Prashu',56,'chennai','2022-10-10','New'),(785,'Madhu',57,'trichy','2022-03-17','Regular'),(786,'Swathi',43,'coimbatore','2022-12-21','Premium'),(787,'Rita',49,'madurai','2023-07-26','Regular'),(788,'Raja',50,'salem','2022-03-28','New'),(789,'Kayal',27,'bangalore','2023-07-14','Regular'),(790,'Israel',42,'ooty','2022-10-12','Premium'),(791,'Raghav',52,'vellore','2023-05-26','New'),(792,'Reena',28,'yercaud','2023-10-08','New'),(793,'Deepa',34,'chennai','2022-02-25','Regular'),(794,'Suji',34,'trichy','2023-09-15','Premium'),(795,'Sathya',31,'coimbatore','2023-04-19','Regular'),(796,'Diya',46,'madurai','2022-03-01','New'),(797,'Dinesh',26,'salem','2023-06-07','Regular'),(798,'Kavi',38,'bangalore','2023-04-15','Premium'),(799,'Radha',59,'ooty','2022-12-02','New'),(800,'Keerthi',54,'vellore','2023-03-18','New'),(801,'Swetha',28,'yercaud','2022-11-08','Regular'),(802,'Stalin',53,'chennai','2023-05-23','Premium'),(803,'Karthick',40,'Chennai','2022-03-01','Regular'),(804,'Gokhul',44,'Bangalore','2022-06-17','New'),(805,'Sanjay',46,'Hyderabad','2022-12-25','Regular'),(806,'Meera',45,'Mumbai','2023-07-04','Premium'),(807,'Heera',44,'Delhi','2022-03-06','New'),(808,'Prashu',49,'vellore','2023-10-27','New'),(809,'Madhu',45,'yercaud','2022-03-13','Regular'),(810,'Swathi',56,'chennai','2022-02-08','Premium'),(811,'Rita',36,'trichy','2023-01-29','Regular'),(812,'Raja',52,'coimbatore','2023-03-10','New'),(813,'Kayal',25,'madurai','2023-01-04','Regular'),(814,'Israel',22,'salem','2023-05-21','Premium'),(815,'Raghav',44,'bangalore','2023-03-15','New'),(816,'Reena',24,'ooty','2023-09-27','New'),(817,'Deepa',35,'vellore','2023-04-07','Regular'),(818,'Suji',50,'yercaud','2023-06-07','Premium'),(819,'Sathya',36,'chennai','2022-09-14','Regular'),(820,'Diya',42,'trichy','2023-03-06','New'),(821,'Dinesh',45,'coimbatore','2022-09-10','Regular'),(822,'Kavi',54,'madurai','2023-01-07','Premium'),(823,'Radha',47,'salem','2023-07-09','New'),(824,'Keerthi',31,'bangalore','2023-01-07','New'),(825,'Swetha',57,'ooty','2022-01-06','Regular'),(826,'Stalin',27,'vellore','2023-10-26','Premium'),(827,'Karthick',34,'yercaud','2023-03-08','Regular'),(828,'Gokhul',32,'chennai','2023-03-05','New'),(829,'Sanjay',49,'Chennai','2022-04-10','Regular'),(830,'Swetha',33,'Bangalore','2023-08-19','Premium'),(831,'Stalin',41,'Hyderabad','2022-05-10','New'),(832,'Karthick',27,'Mumbai','2023-08-05','New'),(833,'Gokhul',34,'Delhi','2022-01-16','Regular'),(834,'Sanjay',33,'vellore','2022-07-17','Premium'),(835,'Meera',29,'yercaud','2022-02-12','Regular'),(836,'Heera',34,'chennai','2023-05-15','New'),(837,'Prashu',46,'trichy','2023-07-18','Regular'),(838,'Madhu',25,'coimbatore','2023-06-17','Premium'),(839,'Swathi',46,'madurai','2023-11-06','New'),(840,'Rita',29,'salem','2023-02-10','New'),(841,'Raja',60,'bangalore','2022-01-17','Regular'),(842,'Kayal',60,'ooty','2022-01-13','Premium'),(843,'Israel',58,'vellore','2022-02-08','Regular'),(844,'Raghav',57,'yercaud','2022-10-11','New'),(845,'Reena',35,'chennai','2023-08-19','Regular'),(846,'Deepa',53,'trichy','2022-04-24','Premium'),(847,'Suji',20,'coimbatore','2022-10-06','New'),(848,'Sathya',21,'madurai','2022-10-06','New'),(849,'Diya',49,'salem','2023-03-26','Regular'),(850,'Dinesh',22,'bangalore','2022-10-22','Premium'),(851,'Kavi',55,'ooty','2022-11-16','Regular'),(852,'Radha',43,'vellore','2022-03-21','New'),(853,'Keerthi',34,'yercaud','2022-06-01','Regular'),(854,'Swetha',55,'chennai','2022-06-29','Premium'),(855,'Stalin',48,'Chennai','2022-07-10','New'),(856,'Karthick',30,'Bangalore','2023-08-09','New'),(857,'Gokhul',59,'Hyderabad','2023-03-25','Regular'),(858,'Sanjay',45,'Mumbai','2023-07-09','Premium'),(859,'Swetha',48,'Delhi','2023-05-26','Regular'),(860,'Stalin',36,'vellore','2023-06-02','New'),(861,'Karthick',56,'yercaud','2022-05-01','Regular'),(862,'Gokhul',58,'chennai','2023-01-03','Premium'),(863,'Sanjay',53,'trichy','2022-10-08','New'),(864,'Meera',33,'coimbatore','2023-08-04','New'),(865,'Heera',48,'madurai','2023-09-16','Regular'),(866,'Prashu',41,'salem','2023-09-24','Premium'),(867,'Madhu',33,'bangalore','2022-07-21','Regular'),(868,'Swathi',34,'ooty','2022-10-30','New'),(869,'Rita',24,'vellore','2022-11-20','Regular'),(870,'Raja',20,'yercaud','2023-03-11','Premium'),(871,'Kayal',59,'chennai','2022-07-25','New'),(872,'Israel',56,'trichy','2022-04-12','New'),(873,'Raghav',60,'coimbatore','2023-06-18','Regular'),(874,'Reena',25,'madurai','2022-12-29','Premium'),(875,'Deepa',41,'salem','2023-03-18','Regular'),(876,'Suji',55,'bangalore','2022-06-27','New'),(877,'Sathya',40,'ooty','2023-08-13','Regular'),(878,'Diya',58,'vellore','2022-04-06','Premium'),(879,'Dinesh',22,'yercaud','2022-11-15','New'),(880,'Kavi',21,'chennai','2023-04-13','New'),(881,'Radha',31,'Chennai','2022-12-29','Regular'),(882,'Keerthi',31,'Bangalore','2022-11-13','Premium'),(883,'Swetha',48,'Hyderabad','2023-06-10','Regular'),(884,'Stalin',24,'Mumbai','2023-02-24','New'),(885,'Karthick',23,'Delhi','2022-02-15','Regular'),(886,'Gokhul',27,'vellore','2022-07-19','Premium'),(887,'Sanjay',52,'yercaud','2023-06-08','New'),(888,'Swetha',32,'chennai','2022-08-12','New'),(889,'Stalin',23,'trichy','2022-03-23','Regular'),(890,'Karthick',60,'coimbatore','2023-02-27','Premium'),(891,'Gokhul',22,'madurai','2022-01-22','Regular'),(892,'Sanjay',56,'salem','2023-08-05','New'),(893,'Meera',28,'bangalore','2023-10-16','Regular'),(894,'Heera',36,'ooty','2023-09-15','Premium'),(895,'Prashu',24,'vellore','2022-07-31','New'),(896,'Madhu',21,'yercaud','2022-05-15','New'),(897,'Swathi',34,'chennai','2023-07-24','Regular'),(898,'Rita',33,'trichy','2023-03-28','Premium'),(899,'Raja',26,'coimbatore','2023-08-21','Regular'),(900,'Kayal',26,'madurai','2022-02-18','New'),(901,'Israel',39,'salem','2022-08-06','Regular'),(902,'Raghav',25,'bangalore','2023-07-20','Premium'),(903,'Reena',59,'ooty','2023-02-19','New'),(904,'Deepa',36,'vellore','2023-08-28','New'),(905,'Suji',33,'yercaud','2022-12-03','Regular'),(906,'Sathya',39,'chennai','2023-06-24','Premium'),(907,'Diya',20,'Chennai','2022-03-06','Regular'),(908,'Dinesh',30,'Bangalore','2022-03-27','New'),(909,'Kavi',59,'Hyderabad','2023-05-28','Regular'),(910,'Radha',35,'Mumbai','2023-08-28','Premium'),(911,'Keerthi',39,'Delhi','2023-01-23','New'),(912,'Swetha',22,'vellore','2023-01-12','New'),(913,'Stalin',48,'yercaud','2023-11-27','Regular'),(914,'Karthick',20,'chennai','2023-09-03','Premium'),(915,'Gokhul',40,'trichy','2022-06-16','Regular'),(916,'Sanjay',20,'coimbatore','2023-01-19','New'),(917,'Swetha',22,'madurai','2023-03-11','Regular'),(918,'Stalin',49,'salem','2023-03-08','Premium'),(919,'Karthick',54,'bangalore','2022-03-04','New'),(920,'Gokhul',29,'ooty','2023-10-13','New'),(921,'Sanjay',27,'vellore','2022-07-16','Regular'),(922,'Meera',57,'yercaud','2023-02-20','Premium'),(923,'Heera',30,'chennai','2023-10-17','Regular'),(924,'Prashu',51,'trichy','2022-09-27','New'),(925,'Madhu',58,'coimbatore','2022-09-16','Regular'),(926,'Swathi',32,'madurai','2023-03-10','Premium'),(927,'Rita',50,'salem','2023-06-27','New'),(928,'Raja',22,'bangalore','2023-10-11','New'),(929,'Kayal',50,'ooty','2023-03-09','Regular'),(930,'Israel',39,'vellore','2022-03-06','Premium'),(931,'Raghav',21,'yercaud','2023-05-21','Regular'),(932,'Reena',30,'chennai','2023-08-15','New'),(933,'Deepa',59,'Chennai','2023-07-25','Regular'),(934,'Suji',44,'Bangalore','2023-05-23','Premium'),(935,'Sathya',45,'Hyderabad','2023-01-28','New'),(936,'Diya',25,'Mumbai','2022-05-22','New'),(937,'Dinesh',46,'Delhi','2022-10-12','Regular'),(938,'Kavi',42,'vellore','2023-07-08','Premium'),(939,'Radha',23,'yercaud','2022-02-18','Regular'),(940,'Keerthi',46,'chennai','2023-08-21','New'),(941,'Swetha',24,'trichy','2023-07-17','Regular'),(942,'Stalin',55,'coimbatore','2022-03-23','Premium'),(943,'Karthick',27,'madurai','2023-07-27','New'),(944,'Gokhul',36,'salem','2022-08-28','New'),(945,'Sanjay',26,'bangalore','2023-04-22','Regular'),(946,'Meera',50,'ooty','2023-01-15','Premium'),(947,'Heera',35,'vellore','2023-03-11','Regular'),(948,'Prashu',45,'yercaud','2023-03-30','New'),(949,'Madhu',46,'chennai','2022-12-27','Regular'),(950,'Swathi',46,'trichy','2022-05-02','Premium'),(951,'Rita',38,'coimbatore','2023-07-12','New'),(952,'Raja',34,'madurai','2023-10-03','New'),(953,'Kayal',28,'salem','2023-06-29','Regular'),(954,'Israel',44,'bangalore','2023-07-29','Premium'),(955,'Raghav',45,'ooty','2022-05-07','Regular'),(956,'Reena',40,'vellore','2022-02-16','New'),(957,'Deepa',38,'yercaud','2023-12-02','Regular'),(958,'Suji',60,'chennai','2022-08-22','Premium'),(959,'Sathya',52,'Chennai','2022-03-26','New'),(960,'Diya',41,'Bangalore','2023-09-27','New'),(961,'Dinesh',50,'Hyderabad','2022-11-28','Regular'),(962,'Kavi',45,'Mumbai','2023-03-14','Premium'),(963,'Radha',30,'Delhi','2023-04-25','Regular'),(964,'Keerthi',51,'vellore','2023-09-03','New'),(965,'Swetha',58,'yercaud','2022-08-01','Regular'),(966,'Stalin',23,'chennai','2023-02-02','Premium'),(967,'Karthick',32,'trichy','2022-06-13','New'),(968,'Gokhul',39,'coimbatore','2023-10-18','New'),(969,'Sanjay',38,'madurai','2023-04-06','Regular'),(970,'Swetha',31,'salem','2022-08-22','Premium'),(971,'Stalin',50,'bangalore','2022-08-26','Regular'),(972,'Karthick',33,'ooty','2023-10-19','New'),(973,'Gokhul',20,'vellore','2022-11-17','Regular'),(974,'Sanjay',52,'yercaud','2023-05-13','Premium'),(975,'Meera',24,'chennai','2022-12-04','New'),(976,'Heera',48,'trichy','2023-04-21','New'),(977,'Prashu',38,'coimbatore','2023-08-24','Regular'),(978,'Madhu',37,'madurai','2023-04-26','Premium'),(979,'Swathi',45,'salem','2022-10-13','Regular'),(980,'Rita',46,'bangalore','2023-05-20','New'),(981,'Raja',39,'ooty','2023-07-04','Regular'),(982,'Kayal',55,'vellore','2023-04-16','Premium'),(983,'Israel',21,'yercaud','2023-01-30','New'),(984,'Raghav',56,'chennai','2023-02-19','New'),(985,'Reena',36,'Chennai','2023-06-29','Regular'),(986,'Deepa',51,'Bangalore','2022-03-18','Premium'),(987,'Suji',51,'Hyderabad','2023-11-17','Regular'),(988,'Sathya',48,'Mumbai','2022-12-27','New'),(989,'Diya',43,'Delhi','2023-07-07','Regular'),(990,'Dinesh',49,'vellore','2022-07-06','Premium'),(991,'Kavi',37,'yercaud','2022-01-15','New'),(992,'Radha',50,'chennai','2023-03-31','New'),(993,'Keerthi',20,'trichy','2023-06-30','Regular'),(994,'Swetha',26,'coimbatore','2022-03-15','Premium'),(995,'Stalin',50,'madurai','2022-02-03','Regular'),(996,'Karthick',28,'salem','2023-10-16','New'),(997,'Gokhul',49,'bangalore','2023-01-22','Regular'),(998,'Sanjay',43,'ooty','2023-01-14','Premium'),(999,'Swetha',59,'vellore','2022-05-07','New'),(1000,'Stalin',58,'yercaud','2022-08-11','New');
/*!40000 ALTER TABLE `customers` ENABLE KEYS */;
UNLOCK TABLES;

--
-- Table structure for table `orders`
--

DROP TABLE IF EXISTS `orders`;
/*!40101 SET @saved_cs_client     = @@character_set_client */;
/*!50503 SET character_set_client = utf8mb4 */;
CREATE TABLE `orders` (
  `order_id` int DEFAULT NULL,
  `product_id` int DEFAULT NULL,
  `customer_id` int DEFAULT NULL,
  `order_date` varchar(20) DEFAULT NULL,
  `quantity` int DEFAULT NULL,
  `order_amount` decimal(10,2) DEFAULT NULL,
  KEY `fk_customers` (`customer_id`),
  KEY `fk_products` (`product_id`),
  CONSTRAINT `fk_customers` FOREIGN KEY (`customer_id`) REFERENCES `customers` (`customer_id`),
  CONSTRAINT `fk_products` FOREIGN KEY (`product_id`) REFERENCES `products` (`product_id`)
) ENGINE=InnoDB DEFAULT CHARSET=utf8mb4 COLLATE=utf8mb4_0900_ai_ci;
/*!40101 SET character_set_client = @saved_cs_client */;

--
-- Dumping data for table `orders`
--

LOCK TABLES `orders` WRITE;
/*!40000 ALTER TABLE `orders` DISABLE KEYS */;
INSERT INTO `orders` VALUES (1,6,894,'27-01-2024',1,500.00),(2,1,718,'01-08-2024',2,1000.00),(3,7,241,'29-01-2024',3,1500.00),(4,10,613,'19-12-2024',2,1000.00),(5,8,364,'04-06-2024',1,500.00),(6,3,408,'10-02-2024',1,500.00),(7,5,648,'12-07-2024',3,1500.00),(8,10,655,'10-07-2024',2,1000.00),(9,4,237,'22-07-2024',5,2500.00),(10,6,523,'02-06-2024',3,1500.00),(11,9,648,'13-07-2024',2,1000.00),(12,8,54,'17-02-2024',1,500.00),(13,7,943,'18-10-2024',3,1500.00),(14,5,942,'13-07-2024',5,2500.00),(15,4,216,'25-06-2024',1,500.00),(16,2,459,'27-05-2024',1,500.00),(17,3,534,'16-03-2024',1,500.00),(18,2,625,'15-05-2024',2,1000.00),(19,10,737,'05-04-2024',3,1500.00),(20,8,408,'16-01-2024',5,2500.00),(21,9,174,'03-01-2024',4,2000.00),(22,6,491,'26-01-2024',5,2500.00),(23,8,690,'29-05-2024',4,2000.00),(24,3,396,'18-12-2024',1,500.00),(25,5,821,'30-08-2024',1,500.00),(26,4,27,'22-07-2024',3,1500.00),(27,1,420,'04-10-2024',1,500.00),(28,10,256,'13-04-2024',1,500.00),(29,3,154,'06-03-2024',5,2500.00),(30,9,817,'05-07-2024',3,1500.00),(31,4,749,'12-01-2024',1,500.00),(32,2,772,'30-12-2024',3,1500.00),(33,1,222,'16-11-2024',3,1500.00),(34,1,738,'24-09-2024',4,2000.00),(35,6,456,'25-05-2024',4,2000.00),(36,3,97,'27-06-2024',2,1000.00),(37,1,280,'16-05-2024',5,2500.00),(38,6,144,'21-01-2024',4,2000.00),(39,1,73,'12-09-2024',3,1500.00),(40,6,487,'06-11-2024',1,500.00),(41,7,667,'13-11-2024',2,1000.00),(42,2,692,'07-08-2024',2,1000.00),(43,7,709,'18-05-2024',1,500.00),(44,8,673,'26-07-2024',4,2000.00),(45,10,228,'18-03-2024',4,2000.00),(46,5,861,'16-02-2024',3,1500.00),(47,6,379,'22-09-2024',2,1000.00),(48,9,305,'03-02-2024',2,1000.00),(49,7,422,'29-05-2024',4,2000.00),(50,7,5,'15-09-2024',3,1500.00),(51,1,208,'21-09-2024',4,2000.00),(52,2,188,'05-12-2024',1,500.00),(53,3,447,'08-04-2024',2,1000.00),(54,6,801,'28-06-2024',5,2500.00),(55,2,409,'04-03-2024',2,1000.00),(56,7,838,'15-04-2024',2,1000.00),(57,2,235,'05-11-2024',3,1500.00),(58,9,402,'16-07-2024',5,2500.00),(59,3,998,'27-09-2024',1,500.00),(60,2,338,'24-02-2024',1,500.00),(61,5,157,'29-09-2024',3,1500.00),(62,4,134,'11-08-2024',1,500.00),(63,3,53,'03-05-2024',4,2000.00),(64,4,285,'28-05-2024',1,500.00),(65,8,195,'06-01-2024',2,1000.00),(66,10,172,'10-10-2024',4,2000.00),(67,5,942,'06-09-2024',2,1000.00),(68,9,432,'25-12-2024',2,1000.00),(69,9,620,'20-03-2024',1,500.00),(70,3,512,'24-07-2024',1,500.00),(71,7,686,'15-07-2024',5,2500.00),(72,1,445,'18-07-2024',1,500.00),(73,6,954,'06-11-2024',1,500.00),(74,4,107,'28-06-2024',4,2000.00),(75,9,946,'05-10-2024',2,1000.00),(76,5,938,'29-05-2024',1,500.00),(77,1,493,'29-08-2024',1,500.00),(78,10,807,'13-04-2024',3,1500.00),(79,2,470,'10-06-2024',1,500.00),(80,9,336,'10-11-2024',3,1500.00),(81,7,525,'02-03-2024',4,2000.00),(82,9,979,'22-03-2024',3,1500.00),(83,7,750,'12-02-2024',4,2000.00),(84,4,591,'10-01-2024',3,1500.00),(85,6,730,'07-12-2024',4,2000.00),(86,7,181,'03-04-2024',4,2000.00),(87,7,836,'06-02-2024',4,2000.00),(88,9,510,'19-06-2024',3,1500.00),(89,5,707,'15-11-2024',2,1000.00),(90,7,203,'13-06-2024',1,500.00),(91,2,229,'31-10-2024',3,1500.00),(92,7,166,'04-11-2024',4,2000.00),(93,7,627,'17-05-2024',5,2500.00),(94,5,316,'01-04-2024',5,2500.00),(95,5,887,'26-07-2024',5,2500.00),(96,6,217,'17-10-2024',5,2500.00),(97,9,221,'12-08-2024',1,500.00),(98,6,765,'02-02-2024',2,1000.00),(99,5,513,'22-05-2024',3,1500.00),(100,4,387,'07-09-2024',3,1500.00),(1,10,365,'2023-11-13',3,1500.00),(2,6,271,'2023-05-24',1,500.00),(3,7,650,'2023-01-03',4,2000.00),(4,10,251,'2023-06-30',2,1000.00),(5,2,491,'2023-03-31',2,1000.00),(6,1,419,'2023-03-31',3,1500.00),(7,5,872,'2023-09-18',2,1000.00),(8,10,728,'2023-08-19',4,2000.00),(9,2,795,'2023-06-26',1,500.00),(10,2,732,'2023-11-24',3,1500.00),(11,4,67,'2023-12-26',1,500.00),(12,6,14,'2023-05-02',4,2000.00),(13,5,157,'2023-06-15',3,1500.00),(14,6,296,'2023-04-22',4,2000.00),(15,5,839,'2023-10-13',3,1500.00),(16,3,199,'2023-01-17',5,2500.00),(17,1,711,'2023-04-09',5,2500.00),(18,9,697,'2023-02-21',4,2000.00),(19,6,986,'2023-04-18',4,2000.00),(20,2,131,'2023-09-04',1,500.00),(21,7,80,'2023-11-11',5,2500.00),(22,3,877,'2023-11-01',4,2000.00),(23,2,291,'2023-10-19',4,2000.00),(24,7,26,'2023-02-23',4,2000.00),(25,9,213,'2023-04-02',4,2000.00),(26,8,44,'2023-07-04',3,1500.00),(27,6,743,'2023-06-10',4,2000.00),(28,3,951,'2023-04-01',2,1000.00),(29,4,104,'2023-11-08',4,2000.00),(30,9,354,'2023-04-10',2,1000.00),(31,9,609,'2023-11-03',2,1000.00),(32,10,184,'2023-02-03',5,2500.00),(33,2,854,'2023-02-17',3,1500.00),(34,6,356,'2023-03-30',2,1000.00),(35,10,785,'2023-08-24',3,1500.00),(36,1,829,'2023-09-02',5,2500.00),(37,5,420,'2023-11-23',4,2000.00),(38,4,673,'2023-04-07',3,1500.00),(39,7,517,'2023-11-12',4,2000.00),(40,1,592,'2023-07-09',2,1000.00),(41,3,169,'2023-03-20',5,2500.00),(42,4,833,'2023-08-25',5,2500.00),(43,9,502,'2023-10-11',3,1500.00),(44,6,469,'2023-10-16',2,1000.00),(45,9,336,'2023-07-27',1,500.00),(46,1,343,'2023-05-02',4,2000.00),(47,7,823,'2023-03-20',2,1000.00),(48,10,715,'2023-09-29',2,1000.00),(49,7,163,'2023-02-26',1,500.00),(50,10,110,'2023-07-05',1,500.00),(51,10,119,'2023-03-22',1,500.00),(52,8,296,'2023-11-04',5,2500.00),(53,6,373,'2023-09-27',1,500.00),(54,5,489,'2023-07-29',4,2000.00),(55,8,804,'2023-08-13',4,2000.00),(56,9,730,'2023-08-01',1,500.00),(57,3,335,'2023-04-25',2,1000.00),(58,9,956,'2023-03-27',3,1500.00),(59,4,343,'2023-11-26',1,500.00),(60,1,898,'2023-03-26',3,1500.00),(61,4,148,'2023-03-27',2,1000.00),(62,1,381,'2023-04-06',5,2500.00),(63,4,744,'2023-04-25',5,2500.00),(64,5,221,'2023-06-07',2,1000.00),(65,9,109,'2023-11-13',3,1500.00),(66,5,113,'2023-06-14',1,500.00),(67,9,310,'2023-05-29',2,1000.00),(68,9,977,'2023-12-04',1,500.00),(69,4,614,'2023-03-28',3,1500.00),(70,1,885,'2023-01-10',5,2500.00),(71,2,62,'2023-01-28',2,1000.00),(72,10,436,'2023-07-27',1,500.00),(73,3,131,'2023-08-20',4,2000.00),(74,2,51,'2023-11-18',5,2500.00),(75,3,611,'2023-03-19',3,1500.00),(76,5,850,'2023-06-12',5,2500.00),(77,9,758,'2023-08-26',5,2500.00),(78,9,760,'2023-07-21',1,500.00),(79,6,641,'2023-09-25',4,2000.00),(80,3,647,'2023-10-14',2,1000.00),(81,6,354,'2023-01-15',2,1000.00),(82,7,149,'2023-01-25',1,500.00),(83,10,758,'2023-11-24',3,1500.00),(84,8,34,'2023-11-08',2,1000.00),(85,4,170,'2023-05-26',1,500.00),(86,7,97,'2023-01-17',4,2000.00),(87,8,175,'2023-01-24',3,1500.00),(88,4,23,'2023-01-29',1,500.00),(89,7,82,'2023-11-04',5,2500.00),(90,9,814,'2023-12-01',1,500.00),(91,5,925,'2023-01-04',5,2500.00),(92,6,639,'2023-12-28',2,1000.00),(93,1,599,'2023-07-10',3,1500.00),(94,2,17,'2023-03-15',2,1000.00),(95,4,468,'2023-09-18',3,1500.00),(96,10,669,'2023-04-02',5,2500.00),(97,10,972,'2023-09-10',1,500.00),(98,8,404,'2023-07-29',2,1000.00),(99,2,522,'2023-09-10',5,2500.00),(100,9,926,'2023-05-04',5,2500.00),(1,10,365,'2023-11-13',3,1500.00),(2,6,271,'2023-05-24',1,500.00),(3,7,650,'2023-01-03',4,2000.00),(4,10,251,'2023-06-30',2,1000.00),(5,2,491,'2023-03-31',2,1000.00),(6,1,419,'2023-03-31',3,1500.00),(7,5,872,'2023-09-18',2,1000.00),(8,10,728,'2023-08-19',4,2000.00),(9,2,795,'2023-06-26',1,500.00),(10,2,732,'2023-11-24',3,1500.00),(11,4,67,'2023-12-26',1,500.00),(12,6,14,'2023-05-02',4,2000.00),(13,5,157,'2023-06-15',3,1500.00),(14,6,296,'2023-04-22',4,2000.00),(15,5,839,'2023-10-13',3,1500.00),(16,3,199,'2023-01-17',5,2500.00),(17,1,711,'2023-04-09',5,2500.00),(18,9,697,'2023-02-21',4,2000.00),(19,6,986,'2023-04-18',4,2000.00),(20,2,131,'2023-09-04',1,500.00),(21,7,80,'2023-11-11',5,2500.00),(22,3,877,'2023-11-01',4,2000.00),(23,2,291,'2023-10-19',4,2000.00),(24,7,26,'2023-02-23',4,2000.00),(25,9,213,'2023-04-02',4,2000.00),(26,8,44,'2023-07-04',3,1500.00),(27,6,743,'2023-06-10',4,2000.00),(28,3,951,'2023-04-01',2,1000.00),(29,4,104,'2023-11-08',4,2000.00),(30,9,354,'2023-04-10',2,1000.00),(31,9,609,'2023-11-03',2,1000.00),(32,10,184,'2023-02-03',5,2500.00),(33,2,854,'2023-02-17',3,1500.00),(34,6,356,'2023-03-30',2,1000.00),(35,10,785,'2023-08-24',3,1500.00),(36,1,829,'2023-09-02',5,2500.00),(37,5,420,'2023-11-23',4,2000.00),(38,4,673,'2023-04-07',3,1500.00),(39,7,517,'2023-11-12',4,2000.00),(40,1,592,'2023-07-09',2,1000.00),(41,3,169,'2023-03-20',5,2500.00),(42,4,833,'2023-08-25',5,2500.00),(43,9,502,'2023-10-11',3,1500.00),(44,6,469,'2023-10-16',2,1000.00),(45,9,336,'2023-07-27',1,500.00),(46,1,343,'2023-05-02',4,2000.00),(47,7,823,'2023-03-20',2,1000.00),(48,10,715,'2023-09-29',2,1000.00),(49,7,163,'2023-02-26',1,500.00),(50,10,110,'2023-07-05',1,500.00),(51,10,119,'2023-03-22',1,500.00),(52,8,296,'2023-11-04',5,2500.00),(53,6,373,'2023-09-27',1,500.00),(54,5,489,'2023-07-29',4,2000.00),(55,8,804,'2023-08-13',4,2000.00),(56,9,730,'2023-08-01',1,500.00),(57,3,335,'2023-04-25',2,1000.00),(58,9,956,'2023-03-27',3,1500.00),(59,4,343,'2023-11-26',1,500.00),(60,1,898,'2023-03-26',3,1500.00),(61,4,148,'2023-03-27',2,1000.00),(62,1,381,'2023-04-06',5,2500.00),(63,4,744,'2023-04-25',5,2500.00),(64,5,221,'2023-06-07',2,1000.00),(65,9,109,'2023-11-13',3,1500.00),(66,5,113,'2023-06-14',1,500.00),(67,9,310,'2023-05-29',2,1000.00),(68,9,977,'2023-12-04',1,500.00),(69,4,614,'2023-03-28',3,1500.00),(70,1,885,'2023-01-10',5,2500.00),(71,2,62,'2023-01-28',2,1000.00),(72,10,436,'2023-07-27',1,500.00),(73,3,131,'2023-08-20',4,2000.00),(74,2,51,'2023-11-18',5,2500.00),(75,3,611,'2023-03-19',3,1500.00),(76,5,850,'2023-06-12',5,2500.00),(77,9,758,'2023-08-26',5,2500.00),(78,9,760,'2023-07-21',1,500.00),(79,6,641,'2023-09-25',4,2000.00),(80,3,647,'2023-10-14',2,1000.00),(81,6,354,'2023-01-15',2,1000.00),(82,7,149,'2023-01-25',1,500.00),(83,10,758,'2023-11-24',3,1500.00),(84,8,34,'2023-11-08',2,1000.00),(85,4,170,'2023-05-26',1,500.00),(86,7,97,'2023-01-17',4,2000.00),(87,8,175,'2023-01-24',3,1500.00),(88,4,23,'2023-01-29',1,500.00),(89,7,82,'2023-11-04',5,2500.00),(90,9,814,'2023-12-01',1,500.00),(91,5,925,'2023-01-04',5,2500.00),(92,6,639,'2023-12-28',2,1000.00),(93,1,599,'2023-07-10',3,1500.00),(94,2,17,'2023-03-15',2,1000.00),(95,4,468,'2023-09-18',3,1500.00),(96,10,669,'2023-04-02',5,2500.00),(97,10,972,'2023-09-10',1,500.00),(98,8,404,'2023-07-29',2,1000.00),(99,2,522,'2023-09-10',5,2500.00),(100,9,926,'2023-05-04',5,2500.00),(1,9,221,'2023-09-24',4,2000.00),(2,7,478,'2023-10-11',3,1500.00),(3,5,707,'2023-11-08',2,1000.00),(4,3,270,'2023-05-13',3,1500.00),(5,3,672,'2023-04-07',1,500.00),(6,2,711,'2023-06-25',5,2500.00),(7,10,437,'2023-05-28',2,1000.00),(8,1,354,'2023-10-17',1,500.00),(9,9,755,'2023-01-07',4,2000.00),(10,7,803,'2023-09-24',5,2500.00),(11,7,849,'2023-12-31',5,2500.00),(12,10,448,'2023-04-10',2,1000.00),(13,4,562,'2023-05-23',2,1000.00),(14,9,325,'2023-03-01',2,1000.00),(15,6,919,'2023-07-04',1,500.00),(16,7,423,'2023-07-01',2,1000.00),(17,10,293,'2023-06-17',4,2000.00),(18,3,545,'2023-10-12',3,1500.00),(19,7,955,'2023-04-22',2,1000.00),(20,5,445,'2023-07-04',3,1500.00),(21,10,932,'2023-07-28',4,2000.00),(22,8,862,'2023-09-02',4,2000.00),(23,8,807,'2023-06-28',2,1000.00),(24,10,992,'2023-10-18',3,1500.00),(25,10,779,'2023-07-08',2,1000.00),(26,9,399,'2023-12-20',3,1500.00),(27,3,762,'2023-11-22',4,2000.00),(28,7,294,'2023-03-25',3,1500.00),(29,1,359,'2023-02-15',4,2000.00),(30,9,169,'2023-03-03',1,500.00),(31,4,785,'2023-05-01',1,500.00),(32,4,226,'2023-12-28',1,500.00),(33,5,191,'2023-04-15',5,2500.00),(34,6,597,'2023-05-26',5,2500.00),(35,3,501,'2023-12-09',5,2500.00),(36,8,370,'2023-05-26',5,2500.00),(37,4,893,'2023-07-02',2,1000.00),(38,6,187,'2023-09-30',3,1500.00),(39,1,266,'2023-07-13',5,2500.00),(40,6,686,'2023-02-16',5,2500.00),(41,9,790,'2023-09-12',3,1500.00),(42,8,273,'2023-01-08',3,1500.00),(43,7,802,'2023-09-04',2,1000.00),(44,5,468,'2023-01-29',1,500.00),(45,6,605,'2023-03-31',3,1500.00),(46,8,272,'2023-04-13',1,500.00),(47,6,227,'2023-09-08',1,500.00),(48,10,694,'2023-05-15',4,2000.00),(49,6,178,'2023-12-06',2,1000.00),(50,4,185,'2023-06-05',4,2000.00),(51,4,142,'2023-05-08',5,2500.00),(52,4,878,'2023-09-03',4,2000.00),(53,4,396,'2023-11-04',3,1500.00),(54,7,818,'2023-12-16',1,500.00),(55,3,296,'2023-08-10',2,1000.00),(56,8,439,'2023-11-12',4,2000.00),(57,8,909,'2023-01-11',2,1000.00),(58,5,906,'2023-01-27',4,2000.00),(59,4,664,'2023-06-24',3,1500.00),(60,8,298,'2023-05-13',5,2500.00),(61,1,280,'2023-12-12',1,500.00),(62,8,704,'2023-03-03',1,500.00),(63,6,746,'2023-10-15',4,2000.00),(64,1,360,'2023-01-15',4,2000.00),(65,8,6,'2023-05-14',5,2500.00),(66,7,863,'2023-08-29',2,1000.00),(67,2,627,'2023-01-11',5,2500.00),(68,6,869,'2023-09-10',3,1500.00),(69,2,749,'2023-08-14',2,1000.00),(70,1,253,'2023-12-21',3,1500.00),(71,3,718,'2023-11-30',5,2500.00),(72,10,635,'2023-07-18',5,2500.00),(73,8,953,'2023-07-21',5,2500.00),(74,7,594,'2023-04-25',4,2000.00),(75,4,214,'2023-07-30',3,1500.00),(76,10,591,'2023-12-10',1,500.00),(77,7,273,'2023-01-05',5,2500.00),(78,8,416,'2023-11-01',5,2500.00),(79,6,320,'2023-03-07',3,1500.00),(80,6,651,'2023-06-15',1,500.00),(81,5,380,'2023-09-11',5,2500.00),(82,2,722,'2023-09-24',3,1500.00),(83,6,440,'2023-04-17',5,2500.00),(84,2,868,'2023-12-19',1,500.00),(85,8,647,'2023-10-21',2,1000.00),(86,6,92,'2023-09-22',2,1000.00),(87,5,28,'2023-01-11',5,2500.00),(88,2,503,'2023-01-20',3,1500.00),(89,6,717,'2023-06-23',2,1000.00),(90,6,77,'2023-02-05',2,1000.00),(91,8,487,'2023-08-06',4,2000.00),(92,5,483,'2023-05-05',5,2500.00),(93,5,470,'2023-05-29',5,2500.00),(94,8,93,'2023-03-12',3,1500.00),(95,3,401,'2023-11-21',3,1500.00),(96,10,52,'2023-11-06',1,500.00),(97,5,697,'2023-05-19',2,1000.00),(98,10,147,'2023-12-23',3,1500.00),(99,2,708,'2023-02-26',3,1500.00),(100,1,697,'2023-03-15',4,2000.00),(101,3,209,'2023-04-29',3,1500.00),(102,4,291,'2023-08-10',4,2000.00),(103,5,277,'2023-08-19',2,1000.00),(104,9,124,'2023-07-29',2,1000.00),(105,1,68,'2023-06-09',4,2000.00),(106,6,936,'2023-05-16',1,500.00),(107,3,461,'2023-09-03',3,1500.00),(108,4,151,'2023-02-12',4,2000.00),(109,6,405,'2023-12-01',5,2500.00),(110,5,904,'2023-10-14',2,1000.00),(111,9,42,'2023-07-22',5,2500.00),(112,9,318,'2023-08-10',3,1500.00),(113,4,38,'2023-11-13',4,2000.00),(114,6,522,'2023-05-02',5,2500.00),(115,10,509,'2023-06-17',2,1000.00),(116,5,736,'2023-10-15',2,1000.00),(117,7,253,'2023-12-22',2,1000.00),(118,4,725,'2023-09-19',1,500.00),(119,5,338,'2023-05-30',3,1500.00),(120,10,903,'2023-01-29',2,1000.00),(121,3,313,'2023-03-26',2,1000.00),(122,3,112,'2023-07-30',2,1000.00),(123,7,180,'2023-01-10',2,1000.00),(124,10,604,'2023-12-26',5,2500.00),(125,1,389,'2023-06-21',4,2000.00),(126,6,442,'2023-09-14',2,1000.00),(127,4,918,'2023-12-05',5,2500.00),(128,6,219,'2023-06-10',3,1500.00),(129,5,367,'2023-06-15',5,2500.00),(130,10,419,'2023-08-28',2,1000.00),(131,7,28,'2023-05-06',4,2000.00),(132,4,245,'2023-08-23',3,1500.00),(133,2,355,'2023-02-03',4,2000.00),(134,1,483,'2023-06-07',4,2000.00),(135,4,148,'2023-01-18',1,500.00),(136,4,803,'2023-12-30',2,1000.00),(137,6,980,'2023-02-17',3,1500.00),(138,2,999,'2023-08-18',5,2500.00),(139,8,704,'2023-03-30',3,1500.00),(140,6,684,'2023-10-27',2,1000.00),(141,9,58,'2023-06-13',5,2500.00),(142,9,269,'2023-04-03',4,2000.00),(143,7,240,'2023-07-31',2,1000.00),(144,7,590,'2023-06-23',2,1000.00),(145,3,368,'2023-07-06',4,2000.00),(146,10,661,'2023-10-28',1,500.00),(147,3,94,'2023-09-20',1,500.00),(148,10,982,'2023-07-01',3,1500.00),(149,7,351,'2023-12-07',5,2500.00),(150,1,741,'2023-07-31',1,500.00),(151,4,240,'2023-09-03',3,1500.00),(152,4,671,'2023-09-06',3,1500.00),(153,8,114,'2023-02-23',5,2500.00),(154,1,886,'2023-11-23',4,2000.00),(155,9,533,'2023-07-16',4,2000.00),(156,5,810,'2023-10-22',2,1000.00),(157,7,923,'2023-02-18',2,1000.00),(158,6,539,'2023-06-26',1,500.00),(159,5,386,'2023-10-08',4,2000.00),(160,9,464,'2023-03-06',5,2500.00),(161,2,521,'2023-01-21',3,1500.00),(162,7,305,'2023-07-17',5,2500.00),(163,8,228,'2023-06-15',4,2000.00),(164,10,129,'2023-06-05',4,2000.00),(165,8,557,'2023-04-24',2,1000.00),(166,7,95,'2023-12-19',4,2000.00),(167,5,439,'2023-12-15',2,1000.00),(168,8,696,'2023-03-12',2,1000.00),(169,5,926,'2023-11-15',1,500.00),(170,10,851,'2023-04-28',2,1000.00),(171,7,445,'2023-03-12',5,2500.00),(172,1,579,'2023-03-11',1,500.00),(173,1,332,'2023-03-01',2,1000.00),(174,5,500,'2023-09-20',2,1000.00),(175,3,70,'2023-06-12',4,2000.00),(176,4,325,'2023-12-21',4,2000.00),(177,8,818,'2023-09-26',3,1500.00),(178,10,264,'2023-03-14',1,500.00),(179,1,393,'2023-04-11',2,1000.00),(180,9,116,'2023-02-20',2,1000.00),(181,8,799,'2023-03-20',3,1500.00),(182,3,305,'2023-11-13',2,1000.00),(183,8,536,'2023-07-10',4,2000.00),(184,1,552,'2023-12-23',3,1500.00),(185,1,871,'2023-09-05',1,500.00),(186,1,79,'2023-01-09',3,1500.00),(187,3,843,'2023-02-26',1,500.00),(188,6,124,'2023-12-18',2,1000.00),(189,9,755,'2023-09-24',4,2000.00),(190,5,337,'2023-02-12',1,500.00),(191,3,420,'2023-07-24',2,1000.00),(192,5,679,'2023-12-14',5,2500.00),(193,5,389,'2023-03-04',4,2000.00),(194,1,712,'2023-12-09',2,1000.00),(195,7,538,'2023-11-25',4,2000.00),(196,3,93,'2023-02-08',1,500.00),(197,7,732,'2023-08-31',5,2500.00),(198,1,283,'2023-05-03',5,2500.00),(199,9,271,'2023-07-21',2,1000.00),(200,1,237,'2023-01-09',3,1500.00),(201,7,921,'2023-02-19',2,1000.00),(202,6,106,'2023-08-22',4,2000.00),(203,7,475,'2023-06-23',3,1500.00),(204,5,244,'2023-01-26',5,2500.00),(205,4,335,'2023-11-29',2,1000.00),(206,3,318,'2023-03-13',4,2000.00),(207,9,308,'2023-07-21',5,2500.00),(208,5,716,'2023-01-20',3,1500.00),(209,3,846,'2023-06-06',5,2500.00),(210,2,500,'2023-03-17',2,1000.00),(211,5,989,'2023-04-16',2,1000.00),(212,3,151,'2023-05-29',1,500.00),(213,4,818,'2023-12-07',3,1500.00),(214,10,940,'2023-07-19',5,2500.00),(215,1,565,'2023-02-28',4,2000.00),(216,3,227,'2023-02-16',1,500.00),(217,5,835,'2023-04-22',2,1000.00),(218,3,754,'2023-02-25',4,2000.00),(219,4,528,'2023-10-28',1,500.00),(220,4,63,'2023-07-01',2,1000.00),(221,4,412,'2023-03-04',3,1500.00),(222,3,811,'2023-06-18',2,1000.00),(223,1,401,'2023-02-16',5,2500.00),(224,5,857,'2023-01-28',2,1000.00),(225,10,299,'2023-03-21',5,2500.00),(226,2,782,'2023-02-12',4,2000.00),(227,7,441,'2023-11-26',1,500.00),(228,2,544,'2023-07-04',2,1000.00),(229,4,428,'2023-07-22',3,1500.00),(230,8,230,'2023-07-23',3,1500.00),(231,9,444,'2023-08-24',3,1500.00),(232,7,321,'2023-06-22',3,1500.00),(233,2,289,'2023-01-13',4,2000.00),(234,3,629,'2023-08-15',5,2500.00),(235,10,84,'2023-01-25',3,1500.00),(236,6,367,'2023-07-18',2,1000.00),(237,2,252,'2023-09-06',1,500.00),(238,3,707,'2023-02-14',4,2000.00),(239,8,689,'2023-07-08',2,1000.00),(240,10,977,'2023-07-22',3,1500.00),(241,3,84,'2023-11-04',3,1500.00),(242,2,304,'2023-09-22',5,2500.00),(243,9,976,'2023-05-03',1,500.00),(244,2,959,'2023-10-20',4,2000.00),(245,4,208,'2023-07-23',4,2000.00),(246,10,762,'2023-05-28',4,2000.00),(247,10,352,'2023-10-24',5,2500.00),(248,10,584,'2023-10-06',5,2500.00),(249,3,213,'2023-07-09',4,2000.00),(250,4,672,'2023-02-26',4,2000.00),(251,10,158,'2023-10-24',5,2500.00),(252,1,253,'2023-07-29',5,2500.00),(253,9,595,'2023-08-30',4,2000.00),(254,10,250,'2023-12-22',1,500.00),(255,9,470,'2023-07-27',1,500.00),(256,6,816,'2023-08-10',5,2500.00),(257,4,70,'2023-01-31',3,1500.00),(258,3,73,'2023-06-01',5,2500.00),(259,7,104,'2023-03-14',4,2000.00),(260,10,754,'2023-11-18',3,1500.00),(261,9,588,'2023-07-29',4,2000.00),(262,5,342,'2023-07-15',1,500.00),(263,5,527,'2023-11-02',3,1500.00),(264,7,233,'2023-05-29',3,1500.00),(265,8,569,'2023-02-08',3,1500.00),(266,4,644,'2023-10-25',3,1500.00),(267,6,485,'2023-04-04',2,1000.00),(268,4,965,'2023-11-18',4,2000.00),(269,1,898,'2023-03-04',5,2500.00),(270,4,421,'2023-06-25',1,500.00),(271,2,343,'2023-07-01',1,500.00),(272,3,237,'2023-08-08',3,1500.00),(273,5,502,'2023-11-15',1,500.00),(274,1,129,'2023-11-07',5,2500.00),(275,6,668,'2023-05-23',3,1500.00),(276,3,459,'2023-01-24',5,2500.00),(277,3,23,'2023-08-07',4,2000.00),(278,6,287,'2023-01-16',2,1000.00),(279,10,713,'2023-08-30',2,1000.00),(280,7,31,'2023-04-18',2,1000.00),(281,5,549,'2023-01-20',3,1500.00),(282,3,68,'2023-03-08',3,1500.00),(283,7,311,'2023-11-01',2,1000.00),(284,9,834,'2023-12-24',1,500.00),(285,10,399,'2023-08-30',5,2500.00),(286,5,660,'2023-05-08',1,500.00),(287,1,988,'2023-09-02',1,500.00),(288,2,211,'2023-04-14',2,1000.00),(289,9,931,'2023-01-18',2,1000.00),(290,2,945,'2023-01-28',1,500.00),(291,4,637,'2023-05-13',3,1500.00),(292,6,861,'2023-07-03',5,2500.00),(293,10,810,'2023-09-15',5,2500.00),(294,2,686,'2023-01-24',3,1500.00),(295,8,610,'2023-11-21',4,2000.00),(296,5,940,'2023-01-19',3,1500.00),(297,4,834,'2023-12-24',4,2000.00),(298,7,235,'2023-05-05',3,1500.00),(299,7,929,'2023-04-24',2,1000.00),(300,4,824,'2023-02-14',3,1500.00),(301,4,980,'2023-04-21',4,2000.00),(302,6,944,'2023-05-07',4,2000.00),(303,7,489,'2023-01-07',3,1500.00),(304,7,347,'2023-08-27',2,1000.00),(305,9,895,'2023-03-15',2,1000.00),(306,2,898,'2023-09-04',4,2000.00),(307,7,807,'2023-12-04',4,2000.00),(308,3,654,'2023-02-27',1,500.00),(309,9,81,'2023-02-02',4,2000.00),(310,6,431,'2023-04-07',1,500.00),(311,6,767,'2023-08-02',4,2000.00),(312,9,189,'2023-05-30',1,500.00),(313,3,990,'2023-01-03',2,1000.00),(314,4,293,'2023-02-01',4,2000.00),(315,4,302,'2023-12-18',3,1500.00),(316,9,122,'2023-10-29',2,1000.00),(317,7,106,'2023-05-13',3,1500.00),(318,9,293,'2023-08-03',5,2500.00),(319,7,866,'2023-12-18',2,1000.00),(320,6,234,'2023-01-30',1,500.00),(321,6,422,'2023-12-13',3,1500.00),(322,4,959,'2023-02-26',3,1500.00),(323,10,484,'2023-01-18',4,2000.00),(324,4,949,'2023-02-11',4,2000.00),(325,5,206,'2023-06-27',1,500.00),(326,1,373,'2023-12-16',4,2000.00),(327,2,247,'2023-11-21',3,1500.00),(328,7,783,'2023-01-06',3,1500.00),(329,3,14,'2023-11-16',3,1500.00),(330,7,517,'2023-01-13',3,1500.00),(331,6,248,'2023-06-09',2,1000.00),(332,9,494,'2023-03-13',1,500.00),(333,5,454,'2023-04-13',5,2500.00),(334,9,282,'2023-04-12',4,2000.00),(335,2,652,'2023-02-25',3,1500.00),(336,2,839,'2023-07-14',3,1500.00),(337,4,608,'2023-07-05',1,500.00),(338,3,477,'2023-11-27',4,2000.00),(339,7,325,'2023-10-29',4,2000.00),(340,7,757,'2023-07-14',2,1000.00),(341,10,142,'2023-02-06',3,1500.00),(342,1,16,'2023-08-10',2,1000.00),(343,4,534,'2023-02-13',3,1500.00),(344,2,244,'2023-01-19',3,1500.00),(345,10,171,'2023-02-25',2,1000.00),(346,6,321,'2023-04-10',4,2000.00),(347,3,18,'2023-03-03',5,2500.00),(348,10,884,'2023-01-20',4,2000.00),(349,2,484,'2023-11-09',5,2500.00),(350,4,219,'2023-04-07',1,500.00),(351,5,330,'2023-06-25',4,2000.00),(352,4,752,'2023-04-10',4,2000.00),(353,2,747,'2023-08-09',3,1500.00),(354,2,610,'2023-06-13',4,2000.00),(355,10,73,'2023-06-27',5,2500.00),(356,10,782,'2023-07-02',4,2000.00),(357,2,2,'2023-08-04',5,2500.00),(358,2,354,'2023-01-30',3,1500.00),(359,2,766,'2023-06-12',2,1000.00),(360,6,168,'2023-02-27',5,2500.00),(361,1,226,'2023-05-06',4,2000.00),(362,4,668,'2023-01-08',2,1000.00),(363,5,57,'2023-03-09',5,2500.00),(364,6,249,'2023-10-09',1,500.00),(365,10,607,'2023-11-14',2,1000.00),(366,3,62,'2023-02-21',4,2000.00),(367,3,952,'2023-06-05',5,2500.00),(368,5,921,'2023-10-31',2,1000.00),(369,4,794,'2023-02-04',1,500.00),(370,6,631,'2023-11-21',5,2500.00),(371,4,960,'2023-09-23',4,2000.00),(372,6,475,'2023-12-24',4,2000.00),(373,8,341,'2023-09-25',1,500.00),(374,10,555,'2023-07-31',4,2000.00),(375,10,919,'2023-11-05',1,500.00),(376,4,468,'2023-02-19',3,1500.00),(377,2,262,'2023-10-24',4,2000.00),(378,7,980,'2023-08-06',1,500.00),(379,2,629,'2023-03-28',4,2000.00),(380,3,24,'2023-04-23',3,1500.00),(381,4,753,'2023-10-21',2,1000.00),(382,8,661,'2023-12-11',4,2000.00),(383,2,209,'2023-08-31',1,500.00),(384,5,632,'2023-01-31',5,2500.00),(385,1,563,'2023-08-24',4,2000.00),(386,8,755,'2023-06-13',5,2500.00),(387,2,118,'2023-03-19',2,1000.00),(388,10,501,'2023-02-09',3,1500.00),(389,10,906,'2023-03-16',4,2000.00),(390,8,752,'2023-03-25',3,1500.00),(391,7,239,'2023-04-23',3,1500.00),(392,7,415,'2023-03-02',2,1000.00),(393,9,938,'2023-10-25',4,2000.00),(394,8,768,'2023-01-29',2,1000.00),(395,1,768,'2023-03-05',1,500.00),(396,8,993,'2023-04-04',3,1500.00),(397,8,254,'2023-08-11',5,2500.00),(398,2,23,'2023-06-30',5,2500.00),(399,7,935,'2023-04-26',5,2500.00),(400,8,520,'2023-09-30',5,2500.00),(401,9,357,'2023-07-31',3,1500.00),(402,8,549,'2023-09-23',4,2000.00),(403,5,726,'2023-11-22',1,500.00),(404,6,528,'2023-11-14',2,1000.00),(405,2,807,'2023-10-11',2,1000.00),(406,7,259,'2023-06-29',1,500.00),(407,6,445,'2023-01-31',5,2500.00),(408,3,217,'2023-12-03',1,500.00),(409,2,673,'2023-06-30',2,1000.00),(410,2,792,'2024-01-01',2,1000.00),(411,5,192,'2023-11-19',4,2000.00),(412,3,369,'2023-11-06',3,1500.00),(413,10,306,'2023-05-31',3,1500.00),(414,1,228,'2023-09-22',4,2000.00),(415,9,590,'2023-06-09',5,2500.00),(416,8,715,'2023-08-12',3,1500.00),(417,5,358,'2023-08-07',1,500.00),(418,9,301,'2023-07-11',1,500.00),(419,7,941,'2023-04-24',1,500.00),(420,5,475,'2023-07-03',1,500.00),(421,9,495,'2023-07-04',3,1500.00),(422,2,67,'2023-11-04',1,500.00),(423,3,708,'2023-10-18',3,1500.00),(424,9,924,'2023-12-22',2,1000.00),(425,8,149,'2023-04-05',4,2000.00),(426,10,239,'2023-03-10',3,1500.00),(427,8,504,'2023-10-19',1,500.00),(428,10,204,'2023-05-31',4,2000.00),(429,9,136,'2023-01-11',4,2000.00),(430,10,140,'2023-07-29',4,2000.00),(431,3,592,'2023-03-21',2,1000.00),(432,2,518,'2023-06-23',5,2500.00),(433,4,842,'2023-10-06',4,2000.00),(434,3,43,'2023-03-27',5,2500.00),(435,2,151,'2023-04-15',2,1000.00),(436,9,22,'2023-04-05',2,1000.00),(437,1,938,'2023-09-27',3,1500.00),(438,4,373,'2023-10-14',5,2500.00),(439,4,242,'2023-06-26',1,500.00),(440,6,293,'2023-06-02',3,1500.00),(441,10,700,'2023-09-17',5,2500.00),(442,7,217,'2023-09-20',3,1500.00),(443,1,462,'2023-01-20',1,500.00),(444,8,351,'2023-06-25',1,500.00),(445,6,159,'2023-01-04',1,500.00),(446,6,86,'2023-09-01',3,1500.00),(447,2,974,'2023-11-24',2,1000.00),(448,1,324,'2023-03-08',5,2500.00),(449,1,151,'2023-06-10',2,1000.00),(450,6,573,'2023-10-08',3,1500.00),(451,10,578,'2023-06-12',3,1500.00),(452,2,322,'2023-11-15',4,2000.00),(453,3,147,'2023-01-11',1,500.00),(454,10,170,'2023-03-19',1,500.00),(455,1,184,'2023-09-05',5,2500.00),(456,6,685,'2023-08-20',1,500.00),(457,6,673,'2023-07-01',1,500.00),(458,6,442,'2023-08-14',2,1000.00),(459,1,228,'2023-03-23',1,500.00),(460,4,673,'2023-09-07',5,2500.00),(461,1,499,'2023-04-03',2,1000.00),(462,4,777,'2023-06-02',3,1500.00),(463,6,324,'2023-03-13',3,1500.00),(464,7,472,'2023-03-22',2,1000.00),(465,4,515,'2023-04-27',1,500.00),(466,6,131,'2023-06-02',4,2000.00),(467,4,988,'2023-04-12',3,1500.00),(468,1,793,'2023-01-04',3,1500.00),(469,2,840,'2023-04-11',2,1000.00),(470,8,892,'2023-05-01',4,2000.00),(471,4,696,'2023-03-27',5,2500.00),(472,6,35,'2023-02-28',1,500.00),(473,2,664,'2023-11-11',4,2000.00),(474,8,643,'2023-06-14',3,1500.00),(475,8,48,'2023-07-17',3,1500.00),(476,4,973,'2023-03-16',1,500.00),(477,9,174,'2023-01-21',5,2500.00),(478,4,435,'2023-02-28',5,2500.00),(479,3,338,'2023-12-10',2,1000.00),(480,4,311,'2023-04-24',3,1500.00),(481,8,196,'2023-09-08',2,1000.00),(482,4,599,'2023-04-05',5,2500.00),(483,1,564,'2023-09-29',1,500.00),(484,2,168,'2023-10-14',2,1000.00),(485,4,580,'2023-09-06',1,500.00),(486,3,935,'2023-07-13',5,2500.00),(487,8,476,'2023-11-06',4,2000.00),(488,3,811,'2023-07-16',3,1500.00),(489,3,763,'2023-10-16',5,2500.00),(490,5,61,'2023-08-20',5,2500.00),(491,6,615,'2023-03-05',5,2500.00),(492,3,269,'2023-12-05',2,1000.00),(493,6,716,'2023-10-07',3,1500.00),(494,1,991,'2023-03-12',2,1000.00),(495,1,146,'2023-09-27',4,2000.00),(496,5,100,'2023-10-23',1,500.00),(497,1,139,'2023-01-26',5,2500.00),(498,4,96,'2023-03-27',5,2500.00),(499,2,782,'2023-12-10',3,1500.00),(500,1,979,'2023-07-15',2,1000.00),(501,6,159,'2023-10-08',5,2500.00),(502,10,769,'2023-07-04',1,500.00),(503,5,160,'2023-04-27',4,2000.00),(504,3,524,'2023-12-05',4,2000.00),(505,4,718,'2023-01-31',4,2000.00),(506,4,829,'2023-05-10',2,1000.00),(507,9,52,'2023-12-01',2,1000.00),(508,3,467,'2023-11-01',5,2500.00),(509,10,751,'2023-10-28',2,1000.00),(510,8,425,'2023-08-31',3,1500.00),(511,6,152,'2023-12-31',5,2500.00),(512,9,336,'2023-06-22',5,2500.00),(513,10,568,'2023-03-12',4,2000.00),(514,7,922,'2023-12-09',3,1500.00),(515,2,834,'2023-10-10',5,2500.00),(516,1,658,'2023-07-04',1,500.00),(517,2,712,'2023-10-05',4,2000.00),(518,1,276,'2023-01-16',3,1500.00),(519,9,356,'2023-09-02',5,2500.00),(520,10,344,'2023-02-06',3,1500.00),(521,4,377,'2023-10-18',4,2000.00),(522,3,461,'2023-08-31',3,1500.00),(523,6,142,'2023-09-12',4,2000.00),(524,5,76,'2023-07-08',5,2500.00),(525,2,616,'2023-02-28',2,1000.00),(526,2,66,'2023-03-09',2,1000.00),(527,7,143,'2023-06-01',1,500.00),(528,1,432,'2023-12-18',3,1500.00),(529,9,936,'2023-07-23',2,1000.00),(530,1,410,'2023-07-14',2,1000.00),(531,10,612,'2023-01-29',4,2000.00),(532,9,750,'2023-10-01',4,2000.00),(533,4,691,'2023-02-19',4,2000.00),(534,9,522,'2023-11-15',5,2500.00),(535,8,980,'2023-04-28',3,1500.00),(536,1,454,'2023-03-18',2,1000.00),(537,9,765,'2023-07-08',4,2000.00),(538,9,485,'2023-04-20',2,1000.00),(539,3,530,'2023-12-05',3,1500.00),(540,10,302,'2023-01-30',4,2000.00),(541,9,813,'2023-09-19',4,2000.00),(542,1,720,'2023-10-10',2,1000.00),(543,4,861,'2023-04-18',4,2000.00),(544,3,821,'2023-04-09',5,2500.00),(545,3,553,'2023-03-04',5,2500.00),(546,8,737,'2023-07-17',1,500.00),(547,10,680,'2023-05-25',3,1500.00),(548,7,568,'2023-02-12',3,1500.00),(549,8,601,'2024-01-01',2,1000.00),(550,10,30,'2023-03-17',3,1500.00),(551,10,894,'2023-04-23',3,1500.00),(552,8,181,'2023-10-08',4,2000.00),(553,3,60,'2023-04-09',4,2000.00),(554,6,413,'2023-02-14',1,500.00),(555,5,519,'2023-02-13',1,500.00),(556,10,598,'2023-06-02',2,1000.00),(557,9,256,'2023-06-05',5,2500.00),(558,6,786,'2023-02-12',1,500.00),(559,6,972,'2023-06-03',1,500.00),(560,4,667,'2023-07-30',3,1500.00),(561,7,190,'2023-10-17',1,500.00),(562,7,186,'2023-10-27',4,2000.00),(563,3,328,'2023-12-06',5,2500.00),(564,1,853,'2023-05-01',2,1000.00),(565,2,736,'2023-09-30',1,500.00),(566,6,990,'2023-05-26',2,1000.00),(567,10,413,'2023-03-18',4,2000.00),(568,10,461,'2023-12-06',2,1000.00),(569,8,281,'2023-08-17',2,1000.00),(570,7,35,'2023-06-15',2,1000.00),(571,3,791,'2023-05-26',4,2000.00),(572,10,864,'2023-11-24',3,1500.00),(573,5,927,'2023-11-12',3,1500.00),(574,8,326,'2023-09-22',4,2000.00),(575,3,309,'2023-10-12',1,500.00),(576,1,424,'2023-05-25',2,1000.00),(577,9,179,'2023-04-06',1,500.00),(578,2,216,'2023-02-28',2,1000.00),(579,3,4,'2023-01-10',4,2000.00),(580,8,585,'2023-02-01',4,2000.00),(581,2,591,'2023-06-18',2,1000.00),(582,8,530,'2023-06-27',1,500.00),(583,4,430,'2023-02-20',1,500.00),(584,1,472,'2023-04-19',4,2000.00),(585,4,493,'2023-01-22',5,2500.00),(586,1,449,'2023-04-09',5,2500.00),(587,4,594,'2023-03-20',4,2000.00),(588,8,899,'2023-06-03',5,2500.00),(589,9,645,'2023-03-20',4,2000.00),(590,8,27,'2023-03-28',2,1000.00),(591,10,448,'2023-01-26',1,500.00),(592,2,866,'2023-03-08',1,500.00),(593,7,134,'2024-01-01',4,2000.00),(594,5,241,'2023-02-12',4,2000.00),(595,1,700,'2023-01-18',3,1500.00),(596,8,848,'2023-11-07',1,500.00),(597,2,617,'2023-10-14',1,500.00),(598,3,203,'2023-09-17',3,1500.00),(599,7,263,'2023-06-24',5,2500.00),(600,8,633,'2023-10-30',4,2000.00),(601,9,675,'2023-08-10',4,2000.00),(602,2,256,'2023-11-23',3,1500.00),(603,1,288,'2023-06-14',2,1000.00),(604,2,732,'2023-04-05',2,1000.00),(605,6,93,'2023-05-09',4,2000.00),(606,4,632,'2023-07-09',4,2000.00),(607,5,928,'2023-08-24',2,1000.00),(608,7,954,'2023-06-12',3,1500.00),(609,6,390,'2023-08-08',2,1000.00),(610,5,818,'2023-12-01',2,1000.00),(611,1,93,'2023-07-14',4,2000.00),(612,8,122,'2023-09-23',4,2000.00),(613,7,818,'2023-02-17',2,1000.00),(614,10,286,'2024-01-01',1,500.00),(615,6,781,'2023-06-10',2,1000.00),(616,2,135,'2023-12-05',4,2000.00),(617,4,937,'2023-03-22',1,500.00),(618,5,960,'2023-12-04',3,1500.00),(619,1,38,'2023-04-11',3,1500.00),(620,6,70,'2023-04-27',4,2000.00),(621,9,541,'2023-11-21',1,500.00),(622,8,1,'2023-11-16',4,2000.00),(623,4,370,'2023-07-23',3,1500.00),(624,1,803,'2023-03-26',5,2500.00),(625,5,964,'2023-05-02',1,500.00),(626,3,311,'2023-01-06',4,2000.00),(627,4,874,'2023-12-21',3,1500.00),(628,9,946,'2023-06-16',3,1500.00),(629,3,535,'2023-05-03',5,2500.00),(630,5,546,'2023-10-06',1,500.00),(631,3,128,'2023-12-28',3,1500.00),(632,10,895,'2023-01-11',3,1500.00),(633,2,49,'2023-10-27',1,500.00),(634,6,520,'2023-03-29',4,2000.00),(635,2,557,'2023-03-01',2,1000.00),(636,5,295,'2023-08-06',1,500.00),(637,3,23,'2023-06-11',5,2500.00),(638,7,787,'2023-10-05',1,500.00),(639,10,945,'2023-01-10',4,2000.00),(640,5,182,'2023-04-29',2,1000.00),(641,1,257,'2023-11-14',4,2000.00),(642,2,216,'2023-01-08',2,1000.00),(643,10,555,'2023-04-20',4,2000.00),(644,4,880,'2023-12-22',1,500.00),(645,4,872,'2023-08-01',4,2000.00),(646,3,849,'2023-04-22',4,2000.00),(647,2,720,'2023-01-10',3,1500.00),(648,3,215,'2023-11-27',1,500.00),(649,3,207,'2023-11-23',2,1000.00),(650,5,522,'2023-11-18',4,2000.00),(651,8,676,'2023-05-26',2,1000.00),(652,10,437,'2023-02-04',4,2000.00),(653,7,78,'2023-03-08',5,2500.00),(654,5,555,'2023-12-21',1,500.00),(655,5,12,'2023-12-23',3,1500.00),(656,3,570,'2023-02-02',2,1000.00),(657,10,724,'2023-09-05',3,1500.00),(658,1,835,'2023-02-20',3,1500.00),(659,6,489,'2023-12-20',3,1500.00),(660,7,211,'2023-11-22',5,2500.00),(661,10,686,'2023-08-26',3,1500.00),(662,4,284,'2023-07-30',2,1000.00),(663,10,992,'2023-09-27',5,2500.00),(664,3,303,'2023-09-02',2,1000.00),(665,8,933,'2023-08-26',1,500.00),(666,10,839,'2023-08-14',2,1000.00),(667,8,670,'2023-06-22',5,2500.00),(668,3,934,'2023-02-07',1,500.00),(669,10,501,'2023-11-19',5,2500.00),(670,4,128,'2023-03-26',3,1500.00),(671,5,140,'2023-06-20',2,1000.00),(672,2,523,'2023-12-24',1,500.00),(673,4,402,'2023-09-04',5,2500.00),(674,8,884,'2023-06-08',5,2500.00),(675,8,344,'2023-02-10',5,2500.00),(676,7,786,'2023-09-20',1,500.00),(677,9,2,'2023-03-05',2,1000.00),(678,4,74,'2023-03-27',5,2500.00),(679,9,317,'2023-11-01',1,500.00),(680,3,507,'2023-12-22',3,1500.00),(681,10,286,'2023-05-07',3,1500.00),(682,10,375,'2023-07-21',3,1500.00),(683,9,468,'2023-05-18',5,2500.00),(684,7,856,'2024-01-01',5,2500.00),(685,10,366,'2023-05-14',5,2500.00),(686,4,437,'2023-07-20',5,2500.00),(687,5,288,'2023-02-11',3,1500.00),(688,3,547,'2023-11-04',2,1000.00),(689,3,232,'2023-05-05',4,2000.00),(690,1,302,'2023-09-23',5,2500.00),(691,3,328,'2023-01-20',4,2000.00),(692,8,574,'2023-04-30',2,1000.00),(693,4,617,'2023-12-19',5,2500.00),(694,4,97,'2023-08-10',4,2000.00),(695,3,68,'2023-07-18',1,500.00),(696,1,785,'2023-06-01',1,500.00),(697,6,960,'2023-01-25',5,2500.00),(698,9,819,'2023-12-25',4,2000.00),(699,8,400,'2023-04-01',3,1500.00),(700,3,220,'2023-08-22',3,1500.00),(701,3,11,'2023-11-02',1,500.00),(702,6,315,'2023-11-11',4,2000.00),(703,1,465,'2023-01-06',4,2000.00),(704,2,975,'2023-04-26',3,1500.00),(705,6,625,'2023-11-03',1,500.00),(706,10,904,'2023-01-02',4,2000.00),(707,7,726,'2023-11-19',2,1000.00),(708,1,635,'2023-04-06',5,2500.00),(709,8,941,'2023-05-10',1,500.00),(710,2,248,'2023-09-13',2,1000.00),(711,8,786,'2023-02-25',2,1000.00),(712,1,385,'2023-03-11',5,2500.00),(713,7,409,'2023-12-02',5,2500.00),(714,6,567,'2023-08-19',1,500.00),(715,10,249,'2023-03-08',3,1500.00),(716,10,676,'2023-02-10',2,1000.00),(717,7,786,'2023-09-10',2,1000.00),(718,2,432,'2023-07-23',1,500.00),(719,10,682,'2023-12-20',2,1000.00),(720,2,764,'2023-11-23',5,2500.00),(721,9,593,'2023-08-28',1,500.00),(722,10,773,'2023-02-26',5,2500.00),(723,7,7,'2023-10-12',4,2000.00),(724,3,387,'2023-09-27',5,2500.00),(725,10,839,'2023-10-27',4,2000.00),(726,3,238,'2023-05-09',3,1500.00),(727,10,804,'2023-12-03',3,1500.00),(728,2,85,'2023-12-06',3,1500.00),(729,3,716,'2023-10-10',4,2000.00),(730,7,114,'2023-07-08',1,500.00),(731,10,457,'2023-09-30',3,1500.00),(732,6,444,'2023-04-26',4,2000.00),(733,4,537,'2023-02-03',3,1500.00),(734,7,585,'2023-12-24',1,500.00),(735,5,44,'2023-04-14',2,1000.00),(736,10,566,'2023-11-03',4,2000.00),(737,6,676,'2023-05-20',2,1000.00),(738,5,108,'2023-11-20',1,500.00),(739,8,883,'2023-05-23',1,500.00),(740,1,265,'2023-06-11',1,500.00),(741,3,733,'2023-01-29',2,1000.00),(742,3,91,'2023-12-23',5,2500.00),(743,2,347,'2023-08-01',4,2000.00),(744,6,898,'2023-02-07',3,1500.00),(745,8,486,'2023-10-22',3,1500.00),(746,4,276,'2023-06-06',4,2000.00),(747,10,333,'2023-10-22',4,2000.00),(748,6,626,'2023-04-06',3,1500.00),(749,9,744,'2023-12-12',4,2000.00),(750,7,732,'2023-09-28',1,500.00),(751,8,458,'2023-11-22',2,1000.00),(752,2,790,'2023-05-31',1,500.00),(753,2,569,'2023-01-11',3,1500.00),(754,2,280,'2023-12-27',5,2500.00),(755,10,971,'2023-07-09',1,500.00),(756,10,519,'2023-11-20',5,2500.00),(757,4,346,'2023-12-18',5,2500.00),(758,5,992,'2023-03-20',4,2000.00),(759,5,889,'2023-07-03',4,2000.00),(760,6,398,'2023-04-05',1,500.00),(761,8,279,'2023-10-24',2,1000.00),(762,7,893,'2023-12-01',1,500.00),(763,7,373,'2023-04-08',1,500.00),(764,6,446,'2023-10-25',2,1000.00),(765,8,534,'2023-10-10',5,2500.00),(766,10,448,'2023-04-19',3,1500.00),(767,2,355,'2023-03-20',5,2500.00),(768,10,547,'2023-11-02',2,1000.00),(769,1,492,'2023-02-04',3,1500.00),(770,8,949,'2023-03-19',2,1000.00),(771,8,504,'2023-10-05',3,1500.00),(772,3,654,'2023-07-30',2,1000.00),(773,4,419,'2023-08-18',2,1000.00),(774,9,944,'2023-01-03',5,2500.00),(775,8,815,'2023-02-11',3,1500.00),(776,10,264,'2023-01-01',1,500.00),(777,1,123,'2023-05-22',4,2000.00),(778,10,738,'2023-04-23',3,1500.00),(779,2,575,'2023-04-29',2,1000.00),(780,5,287,'2023-06-22',3,1500.00),(781,1,212,'2023-07-27',1,500.00),(782,6,751,'2023-12-16',1,500.00),(783,2,567,'2023-06-30',1,500.00),(784,1,30,'2023-09-10',3,1500.00),(785,9,860,'2023-03-25',5,2500.00),(786,6,350,'2023-02-05',2,1000.00),(787,6,747,'2023-01-09',5,2500.00),(788,5,948,'2023-12-21',3,1500.00),(789,5,667,'2023-07-01',3,1500.00),(790,4,184,'2023-01-19',1,500.00),(791,4,51,'2023-05-16',5,2500.00),(792,7,668,'2023-07-25',2,1000.00),(793,9,343,'2023-05-04',4,2000.00),(794,7,720,'2023-09-13',5,2500.00),(795,5,87,'2023-08-25',1,500.00),(796,10,965,'2023-03-01',4,2000.00),(797,1,690,'2023-11-16',1,500.00),(798,7,237,'2023-08-19',5,2500.00),(799,1,957,'2023-06-03',5,2500.00),(800,3,290,'2023-09-29',1,500.00),(801,1,658,'2023-12-18',2,1000.00),(802,2,143,'2023-10-01',5,2500.00),(803,6,238,'2023-09-19',4,2000.00),(804,10,857,'2023-05-04',3,1500.00),(805,6,113,'2023-05-22',1,500.00),(806,5,587,'2023-07-19',4,2000.00),(807,4,35,'2023-09-12',3,1500.00),(808,2,29,'2023-04-15',4,2000.00),(809,9,681,'2023-10-25',5,2500.00),(810,3,931,'2023-05-25',4,2000.00),(811,10,2,'2023-04-29',3,1500.00),(812,6,73,'2023-01-17',2,1000.00),(813,1,750,'2023-03-05',4,2000.00),(814,7,776,'2023-03-21',4,2000.00),(815,9,393,'2023-04-16',1,500.00),(816,6,254,'2023-11-26',3,1500.00),(817,6,947,'2023-02-18',1,500.00),(818,1,980,'2023-04-12',4,2000.00),(819,3,15,'2023-05-14',5,2500.00),(820,10,887,'2023-06-23',5,2500.00),(821,8,68,'2023-02-14',4,2000.00),(822,9,228,'2023-06-17',3,1500.00),(823,2,297,'2023-02-24',3,1500.00),(824,6,78,'2023-09-26',3,1500.00),(825,4,862,'2023-05-04',5,2500.00),(826,7,948,'2023-10-04',1,500.00),(827,3,472,'2023-10-16',2,1000.00),(828,1,109,'2023-06-03',4,2000.00),(829,8,337,'2023-01-12',3,1500.00),(830,7,807,'2023-01-19',4,2000.00),(831,6,586,'2023-09-25',2,1000.00),(832,5,328,'2023-09-25',2,1000.00),(833,8,835,'2023-03-08',5,2500.00),(834,6,687,'2023-10-13',2,1000.00),(835,1,962,'2023-12-04',5,2500.00),(836,1,516,'2023-09-26',1,500.00),(837,1,664,'2023-07-04',1,500.00),(838,6,704,'2023-07-31',2,1000.00),(839,5,571,'2023-02-06',3,1500.00),(840,8,493,'2023-11-10',1,500.00),(841,3,726,'2023-08-07',4,2000.00),(842,7,886,'2023-11-17',2,1000.00),(843,7,459,'2023-08-01',1,500.00),(844,3,529,'2023-09-08',2,1000.00),(845,4,569,'2023-10-23',3,1500.00),(846,2,174,'2023-03-05',4,2000.00),(847,2,129,'2023-05-27',1,500.00),(848,3,70,'2023-04-02',5,2500.00),(849,7,778,'2023-06-12',5,2500.00),(850,2,782,'2023-10-19',3,1500.00),(851,5,554,'2023-12-17',3,1500.00),(852,5,629,'2023-09-08',4,2000.00),(853,5,775,'2023-03-05',1,500.00),(854,9,242,'2023-08-20',5,2500.00),(855,3,206,'2023-04-13',5,2500.00),(856,2,595,'2023-11-22',5,2500.00),(857,10,409,'2023-06-17',2,1000.00),(858,10,975,'2023-02-23',5,2500.00),(859,10,969,'2023-11-02',4,2000.00),(860,5,133,'2023-12-27',2,1000.00),(861,9,993,'2023-11-20',2,1000.00),(862,9,195,'2023-03-21',5,2500.00),(863,9,439,'2023-05-23',2,1000.00),(864,5,590,'2023-02-01',5,2500.00),(865,8,867,'2023-06-22',4,2000.00),(866,9,810,'2023-09-11',5,2500.00),(867,1,291,'2023-02-01',3,1500.00),(868,5,607,'2023-04-08',3,1500.00),(869,7,54,'2023-06-12',5,2500.00),(870,2,730,'2023-03-14',2,1000.00),(871,1,295,'2023-05-05',2,1000.00),(872,9,430,'2023-06-17',2,1000.00),(873,6,477,'2023-10-17',1,500.00),(874,10,336,'2023-06-01',2,1000.00),(875,1,23,'2023-05-09',2,1000.00),(876,2,152,'2023-03-13',3,1500.00),(877,1,938,'2023-10-06',5,2500.00),(878,3,163,'2023-11-03',3,1500.00),(879,5,22,'2023-06-04',5,2500.00),(880,1,526,'2023-09-26',1,500.00),(881,1,881,'2023-06-30',2,1000.00),(882,9,537,'2023-04-17',2,1000.00),(883,7,498,'2023-11-06',5,2500.00),(884,2,267,'2023-08-31',3,1500.00),(885,7,303,'2023-06-24',5,2500.00),(886,3,351,'2023-05-31',3,1500.00),(887,10,234,'2023-04-22',1,500.00),(888,1,31,'2023-05-28',4,2000.00),(889,2,102,'2023-08-12',2,1000.00),(890,2,530,'2023-09-19',3,1500.00),(891,3,293,'2023-06-10',5,2500.00),(892,9,428,'2023-10-09',1,500.00),(893,9,426,'2023-12-19',5,2500.00),(894,6,618,'2023-02-03',4,2000.00),(895,1,877,'2023-01-29',5,2500.00),(896,4,978,'2023-03-25',1,500.00),(897,9,578,'2023-07-13',1,500.00),(898,7,977,'2023-09-18',4,2000.00),(899,4,489,'2023-11-09',3,1500.00),(900,9,86,'2023-04-15',4,2000.00),(901,7,985,'2023-10-07',2,1000.00),(902,9,427,'2023-05-14',4,2000.00),(903,5,927,'2023-10-12',3,1500.00),(904,1,156,'2023-05-04',1,500.00),(905,1,695,'2023-02-15',4,2000.00),(906,10,247,'2023-05-06',1,500.00),(907,8,839,'2023-01-13',1,500.00),(908,10,445,'2023-08-25',4,2000.00),(909,9,926,'2023-01-16',4,2000.00),(910,5,305,'2023-08-10',4,2000.00),(911,1,906,'2023-11-08',4,2000.00),(912,3,222,'2023-09-14',1,500.00),(913,6,973,'2023-05-08',5,2500.00),(914,4,989,'2023-07-03',5,2500.00),(915,10,888,'2023-05-10',2,1000.00),(916,10,908,'2023-09-03',3,1500.00),(917,7,799,'2023-02-24',1,500.00),(918,2,521,'2023-02-28',2,1000.00),(919,2,629,'2023-11-28',5,2500.00),(920,4,757,'2023-06-26',1,500.00),(921,2,225,'2023-03-30',2,1000.00),(922,9,540,'2023-01-30',3,1500.00),(923,9,530,'2023-04-21',2,1000.00),(924,1,90,'2023-01-28',4,2000.00),(925,2,574,'2023-08-09',2,1000.00),(926,5,610,'2023-03-16',1,500.00),(927,7,877,'2023-07-20',3,1500.00),(928,1,13,'2023-04-08',1,500.00),(929,8,34,'2023-08-22',4,2000.00),(930,1,83,'2023-07-31',2,1000.00),(931,9,955,'2023-08-20',5,2500.00),(932,9,106,'2023-06-10',2,1000.00),(933,7,376,'2023-11-06',2,1000.00),(934,10,88,'2023-06-18',1,500.00),(935,2,319,'2023-12-29',1,500.00),(936,4,849,'2023-07-14',4,2000.00),(937,4,542,'2023-03-18',3,1500.00),(938,5,158,'2023-09-13',1,500.00),(939,3,355,'2023-11-12',2,1000.00),(940,3,612,'2023-11-14',1,500.00),(941,6,762,'2023-04-15',1,500.00),(942,4,833,'2023-04-30',1,500.00),(943,6,709,'2023-05-20',3,1500.00),(944,1,146,'2023-07-28',1,500.00),(945,5,627,'2023-10-08',5,2500.00),(946,9,337,'2023-06-09',3,1500.00),(947,5,180,'2023-08-02',5,2500.00),(948,6,709,'2023-03-03',4,2000.00),(949,4,941,'2023-05-13',4,2000.00),(950,1,923,'2023-04-04',5,2500.00),(951,6,5,'2023-08-24',3,1500.00),(952,2,408,'2023-11-15',2,1000.00),(953,2,458,'2023-08-11',3,1500.00),(954,4,314,'2023-09-01',2,1000.00),(955,6,20,'2023-08-08',5,2500.00),(956,10,876,'2023-01-03',5,2500.00),(957,2,315,'2023-12-21',2,1000.00),(958,7,496,'2023-11-23',1,500.00),(959,1,98,'2023-06-29',5,2500.00),(960,6,29,'2023-01-09',1,500.00),(961,10,729,'2023-05-14',3,1500.00),(962,3,684,'2023-01-19',3,1500.00),(963,7,936,'2023-06-22',1,500.00),(964,1,756,'2023-07-25',4,2000.00),(965,10,472,'2023-08-31',5,2500.00),(966,2,894,'2023-03-09',5,2500.00),(967,8,651,'2023-04-28',4,2000.00),(968,10,987,'2023-05-09',3,1500.00),(969,5,123,'2023-04-08',4,2000.00),(970,9,242,'2023-03-24',1,500.00),(971,9,289,'2023-10-28',3,1500.00),(972,10,467,'2023-07-13',3,1500.00),(973,7,409,'2023-05-07',3,1500.00),(974,3,571,'2023-01-23',5,2500.00),(975,5,833,'2023-09-29',1,500.00),(976,1,321,'2023-04-25',1,500.00),(977,8,529,'2023-07-26',5,2500.00),(978,3,81,'2023-10-06',2,1000.00),(979,10,602,'2023-01-14',1,500.00),(980,8,723,'2023-02-03',2,1000.00),(981,1,909,'2023-02-03',3,1500.00),(982,5,133,'2023-12-29',3,1500.00),(983,5,124,'2023-12-08',2,1000.00),(984,4,391,'2023-03-21',1,500.00),(985,9,428,'2023-08-02',2,1000.00),(986,3,600,'2023-05-06',5,2500.00),(987,2,582,'2023-09-24',3,1500.00),(988,4,50,'2023-09-21',5,2500.00),(989,9,387,'2023-02-16',1,500.00),(990,1,172,'2023-03-04',3,1500.00),(991,9,19,'2023-05-13',2,1000.00),(992,8,575,'2023-07-08',4,2000.00),(993,5,5,'2023-12-10',3,1500.00),(994,3,330,'2023-05-13',2,1000.00),(995,4,532,'2023-09-30',4,2000.00),(996,6,196,'2023-04-08',5,2500.00),(997,7,101,'2023-07-20',3,1500.00),(998,7,987,'2023-07-14',2,1000.00),(999,1,715,'2023-01-24',2,1000.00),(1000,10,948,'2023-06-24',1,500.00);
/*!40000 ALTER TABLE `orders` ENABLE KEYS */;
UNLOCK TABLES;

--
-- Table structure for table `products`
--

DROP TABLE IF EXISTS `products`;
/*!40101 SET @saved_cs_client     = @@character_set_client */;
/*!50503 SET character_set_client = utf8mb4 */;
CREATE TABLE `products` (
  `product_id` int NOT NULL,
  `product_name` varchar(20) DEFAULT NULL,
  `category` varchar(20) DEFAULT NULL,
  `price` decimal(20,2) DEFAULT NULL,
  PRIMARY KEY (`product_id`)
) ENGINE=InnoDB DEFAULT CHARSET=utf8mb4 COLLATE=utf8mb4_0900_ai_ci;
/*!40101 SET character_set_client = @saved_cs_client */;

--
-- Dumping data for table `products`
--

LOCK TABLES `products` WRITE;
/*!40000 ALTER TABLE `products` DISABLE KEYS */;
INSERT INTO `products` VALUES (1,'Laptop','Electronics',55000.00),(2,'Mobile','Electronics',25000.00),(3,'Headphones','Electronics',2000.00),(4,'Shoes','Fashion',3000.00),(5,'T-Shirt','Fashion',800.00),(6,'Watch','Accessories',5000.00),(7,'Backpack','Accessories',1500.00),(8,'Tablet','Electronics',20000.00),(9,'Camera','Electronics',45000.00),(10,'Keyboard','Electronics',1200.00);
/*!40000 ALTER TABLE `products` ENABLE KEYS */;
UNLOCK TABLES;
/*!40103 SET TIME_ZONE=@OLD_TIME_ZONE */;

/*!40101 SET SQL_MODE=@OLD_SQL_MODE */;
/*!40014 SET FOREIGN_KEY_CHECKS=@OLD_FOREIGN_KEY_CHECKS */;
/*!40014 SET UNIQUE_CHECKS=@OLD_UNIQUE_CHECKS */;
/*!40101 SET CHARACTER_SET_CLIENT=@OLD_CHARACTER_SET_CLIENT */;
/*!40101 SET CHARACTER_SET_RESULTS=@OLD_CHARACTER_SET_RESULTS */;
/*!40101 SET COLLATION_CONNECTION=@OLD_COLLATION_CONNECTION */;
/*!40111 SET SQL_NOTES=@OLD_SQL_NOTES */;

-- Dump completed on 2026-04-26 21:40:38
